,capacity,full_capacity,subst_id,hv_bus_id
0,1825.4,,1,26096
1,429.91999999999996,,2,26097
4,555.37,,5,26099
6,18353.15,,7,26101
8,5730.099999999999,,9,26106
9,0.6,,10,26109
10,8708.84,,11,26110
15,0.59,,16,26116
16,632.59,,17,26118
17,560.28,,18,26121
18,4473.65,,19,28196
21,3173.96,,22,26169
22,369.02,,23,26186
23,620.8399999999999,,24,26212
24,1726.0500000000002,,25,26302
28,773.8,,29,26359
34,1999.38,,35,26392
35,196.37,,36,27648
36,648.76,,37,26465
38,175.2,,39,26469
39,2713.72,,40,26470
40,5336.53,,41,26471
42,1386.6,,43,26497
43,1175.6,,44,28211
44,6697.45,,45,26535
48,777.49,,49,26603
49,0.59,,50,26605
50,2094.13,,51,26612
53,0.59,,54,26804
54,2204.19,,55,26852
56,3488.41,,57,27140
58,206.16,,59,28180
59,0.61,,60,28250
60,1921.71,,61,27220
62,1807.7600000000002,,63,27239
63,643.65,,64,27240
71,1435.58,,72,27304
73,2067.39,,74,27353
74,4466.2699999999995,,75,23695
75,3066.75,,76,23696
76,1484.0,,77,23697
77,2464.34,,78,23730
78,4570.16,,79,23731
79,2079.86,,80,23748
80,4216.59,,81,23752
81,4116.59,,82,27365
82,8436.86,,83,23769
83,6168.75,,84,23782
87,4371.58,,88,27397
89,368.35,,90,28005
90,1362.45,,91,24056
91,1024.94,,92,24089
92,12923.18,,93,24090
93,1183.72,,94,24096
94,1335.56,,95,24100
96,1965.28,,97,24110
97,624.83,,98,24123
99,1670.7400000000002,,100,24180
100,5815.93,,101,24188
102,1352.3,,103,24190
103,377.79,,104,24213
104,1974.6699999999998,,105,24339
105,1326.13,,106,24417
106,1807.95,,107,24463
107,371.66,,108,24464
108,2391.39,,109,24466
109,7774.98,,110,24471
110,0.57,,111,24495
112,4991.14,,113,24497
114,1362.32,,115,24510
115,1406.36,,116,24512
116,664.8,,117,24514
117,177.47,,118,24517
118,1429.13,,119,28361
119,4226.59,,120,24529
120,1328.57,,121,27918
121,2497.25,,122,24539
122,1006.68,,123,24582
123,1677.15,,124,28362
124,1398.67,,125,24635
125,646.91,,126,27506
126,4464.28,,127,24647
127,6671.16,,128,24650
128,1039.1200000000001,,129,24675
129,1689.21,,130,24711
130,2174.05,,131,24712
131,172.66,,132,24733
132,1922.94,,133,28339
134,173.89,,135,24766
135,1218.8,,136,24783
136,4657.459999999999,,137,24796
138,2692.12,,139,28341
139,1324.51,,140,24818
140,366.31,,141,24819
141,346.03999999999996,,142,24832
142,1978.67,,143,24833
150,360.48,,151,24987
152,1314.44,,153,25003
153,1579.74,,154,25011
154,375.87,,155,27578
158,2925.63,,159,25098
159,1438.45,,160,27754
160,1709.3700000000001,,161,25126
161,666.8,,162,25173
162,6033.73,,163,25184
163,533.61,,164,25190
164,4056.4900000000002,,165,25200
165,3376.28,,166,25211
166,6958.839999999999,,167,25213
167,2885.83,,168,25214
168,1376.17,,169,25224
169,1374.94,,170,25229
170,1.23,,171,25337
171,1747.6499999999999,,172,23649
172,4128.64,,173,25377
173,813.01,,174,25416
174,654.51,,175,25420
176,2680.92,,177,27671
177,361.46,,178,25515
180,388.41,,181,25550
182,0.58,,183,25615
183,1145.49,,184,25619
187,2913.19,,188,25657
188,1316.08,,189,25681
189,762.5699999999999,,190,25707
190,1547.73,,191,25708
192,647.34,,193,25755
194,1209.65,,195,25960
195,4752.110000000001,,196,25964
196,567.52,,197,25966
197,40.88,,198,26716
198,274.52,,199,26857
199,284.02000000000004,,200,27818
200,243.34,,201,27000
201,292.51,,202,28017
202,785.04,,203,27927
203,853.9,,204,27797
204,627.53,,205,27720
205,1938.7700000000002,,206,24077
206,2739.58,,207,24361
207,1961.58,,208,24467
208,474.91999999999996,,209,24470
209,183.95000000000002,,210,24472
210,345.87,,211,27603
211,677.47,,212,24481
212,1476.22,,213,24488
213,2644.4500000000003,,214,24489
214,283.95,,215,24491
215,677.36,,216,27705
216,840.24,,217,24505
217,1006.6300000000001,,218,27539
218,466.62,,219,27543
219,1423.03,,220,24901
220,2627.57,,221,24913
221,2576.74,,222,24914
222,2297.5600000000004,,223,24915
223,910.4599999999999,,224,24922
224,483.43000000000006,,225,27799
225,2242.4500000000003,,226,25258
226,1039.3899999999999,,227,25394
227,305.07,,228,25396
228,2064.38,,229,25605
229,1375.35,,230,27902
230,620.82,,231,27678
231,178.78,,232,26318
232,163.41,,233,26322
233,2177.09,,234,26344
234,906.28,,235,26380
235,740.72,,236,27825
236,1321.5100000000002,,237,27626
237,1471.1599999999999,,238,26508
238,164.94,,239,26513
239,2522.07,,240,26536
240,1150.47,,241,26555
241,802.12,,242,26556
242,1553.94,,243,26582
243,1725.32,,244,26588
244,916.69,,245,26769
245,1522.1799999999998,,246,26796
246,1981.4899999999998,,247,26810
247,1328.79,,248,26843
248,1967.8500000000001,,249,26859
249,749.0799999999999,,250,26954
250,851.58,,251,26978
251,171.68,,252,27005
252,374.88,,253,27009
253,1146.73,,254,27605
254,1530.3200000000002,,255,27010
255,2793.4399999999996,,256,27919
256,4519.599999999999,,257,27028
257,2237.64,,258,27031
258,1852.0300000000002,,259,27032
259,370.04,,260,27034
260,3176.4700000000003,,261,27036
261,1052.03,,262,27175
262,176.03,,263,27179
263,1441.49,,264,27205
264,1059.75,,265,27211
265,823.76,,266,27215
266,1047.12,,267,27310
267,912.3199999999999,,268,27858
268,4393.24,,269,23796
269,793.04,,270,23798
270,1996.2599999999998,,271,23809
271,800.64,,272,23810
272,2437.98,,273,23824
273,1429.2,,274,27388
274,203.01,,275,23876
275,680.95,,276,23907
276,1954.86,,277,23937
277,728.6600000000001,,278,27439
278,943.3700000000001,,279,27440
279,1555.7299999999998,,280,27450
280,1326.3600000000001,,281,24197
281,1734.32,,282,27459
283,52.839999999999996,,284,24214
284,556.12,,285,27464
285,2034.19,,286,24223
286,1778.0700000000002,,287,24224
287,178.55,,288,24225
288,568.3299999999999,,289,24227
289,1425.56,,290,24238
290,571.54,,291,24253
292,1087.79,,293,24293
293,364.32,,294,24296
294,2721.7999999999997,,295,24299
295,17.22,,296,24337
296,1149.03,,297,24426
297,1064.27,,298,24445
298,4078.4,,299,24448
299,1629.67,,300,24449
300,1550.88,,301,28163
301,2008.42,,302,24540
302,368.57,,303,24593
303,2922.69,,304,24597
304,1556.78,,305,27924
305,266.32000000000005,,306,24649
306,177.9,,307,24658
307,1979.25,,308,24707
308,2393.8,,309,24771
309,4615.18,,310,27524
310,653.09,,311,24788
311,2034.9,,312,24790
312,770.97,,313,24791
313,1753.61,,314,24792
314,1508.5800000000002,,315,24793
315,4262.76,,316,24794
316,641.19,,317,24798
317,708.38,,318,27545
318,2163.6,,319,28379
319,618.62,,320,24814
320,763.94,,321,24815
321,1411.02,,322,27555
322,1521.2199999999998,,323,24820
323,878.26,,324,24835
324,990.7199999999999,,325,27795
325,169.92,,326,24850
326,170.96,,327,24902
327,3680.5299999999997,,328,24935
328,1799.84,,329,27951
329,166.6,,330,28015
330,1000.44,,331,24959
332,163.82,,333,25045
333,1222.8799999999999,,334,25046
334,525.48,,335,25051
335,819.23,,336,25053
336,1500.2600000000002,,337,25054
337,1696.1200000000001,,338,25055
338,333.48,,339,25183
339,1451.45,,340,25191
340,4145.95,,341,25390
341,1812.21,,342,25407
343,842.83,,344,25447
344,1756.96,,345,25521
345,4929.16,,346,25522
346,7895.91,,347,27608
347,256.07,,348,28394
348,391.4,,349,26024
349,550.67,,350,26025
350,1735.21,,351,26038
351,792.8100000000001,,352,26049
352,1164.31,,353,26050
353,775.8,,354,27958
354,169.99,,355,26188
355,2115.9300000000003,,356,26304
357,629.23,,358,28113
358,390.4,,359,26352
359,2984.9799999999996,,360,26378
360,1544.06,,361,26379
361,0.6,,362,26393
362,369.78,,363,26396
363,1.18,,364,27738
364,815.1,,365,26458
365,175.11,,366,26482
366,6425.470000000001,,367,26489
367,379.92,,368,26551
368,1397.21,,369,26572
369,829.0500000000001,,370,28087
370,4355.32,,371,26573
371,2486.19,,372,26574
372,10131.05,,373,26575
373,1043.16,,374,26577
374,1265.3000000000002,,375,26578
375,630.65,,376,26579
376,1298.42,,377,26580
377,656.13,,378,26599
378,642.73,,379,26600
379,1607.0,,380,28159
380,163.56,,381,26702
382,633.24,,383,26743
386,407.31,,387,26748
389,171.04000000000002,,390,26774
390,4569.16,,391,26794
391,213.45000000000002,,392,26798
392,657.75,,393,28224
393,990.67,,394,27712
394,622.75,,395,26832
395,1410.75,,396,26908
396,385.55,,397,26913
398,1371.1,,400,28136
399,167.16,,401,26934
402,2834.08,,404,26959
403,3262.52,,405,26962
406,1392.36,,408,27592
407,2842.2200000000003,,409,27164
408,845.62,,410,27174
410,626.06,,412,27292
411,5480.82,,413,27297
412,382.72,,414,27315
413,1859.18,,415,27328
414,395.18,,416,27745
415,3193.3999999999996,,417,23920
416,1503.17,,418,23922
417,2015.1599999999999,,419,24010
420,1091.09,,422,24260
421,1085.23,,423,24268
422,901.88,,424,28290
423,3027.3,,425,24269
424,615.48,,426,27982
425,2656.74,,427,24396
426,1315.46,,428,24487
427,441.76,,429,27504
428,5195.16,,430,24618
429,731.12,,431,28222
430,1184.33,,432,24752
432,1305.49,,434,24830
433,723.35,,435,24860
434,1344.22,,436,24884
435,6314.599999999999,,437,24907
436,1656.73,,438,24938
438,381.63,,440,24965
439,437.6,,441,24998
440,220.14999999999998,,442,25030
441,432.59,,443,28387
442,167.4,,444,25047
443,565.33,,445,25048
444,830.72,,446,25049
445,1402.72,,447,25050
448,618.3,,450,25064
451,1282.0,,453,25068
453,843.2900000000001,,455,27714
454,169.58,,456,25070
455,614.36,,457,25071
456,1319.52,,458,27914
457,384.98,,459,25293
458,2857.5100000000007,,460,25316
459,848.96,,461,25327
460,206.45999999999998,,462,25360
461,1816.24,,463,25378
462,172.75,,464,25398
463,1416.24,,465,25486
464,2295.79,,466,27850
465,3381.42,,467,25503
466,4214.29,,468,25610
467,2026.79,,469,25611
468,805.49,,470,25612
469,1004.66,,471,25613
470,653.29,,472,25616
471,1802.89,,473,25733
472,1211.23,,474,25734
473,1583.07,,475,25736
474,1775.47,,476,25737
475,1005.27,,477,25743
476,759.12,,478,25748
477,1814.54,,479,25749
478,828.26,,480,25781
479,1411.89,,481,25782
480,394.05,,482,25814
481,199.1,,483,25857
482,825.94,,484,26041
484,0.59,,486,26064
485,367.74,,487,26067
488,0.6,,490,27831
489,677.8299999999999,,491,26123
490,1017.23,,492,26124
491,640.09,,493,26125
492,171.63,,494,26146
493,1045.8899999999999,,495,26155
494,4417.07,,496,26161
495,1351.3899999999999,,497,26165
496,1437.91,,498,26173
497,168.5,,499,26187
498,37.41,,500,26189
499,4529.71,,501,26207
501,630.59,,503,26289
502,625.87,,504,26290
503,1283.94,,505,26306
504,167.66,,506,28071
505,674.24,,507,26319
506,642.36,,508,26320
507,828.8399999999999,,509,26326
508,1417.06,,510,26338
509,3089.9700000000003,,511,26339
510,168.14,,512,26343
511,748.01,,513,26440
512,1337.9,,514,26546
513,4699.87,,515,28233
514,2051.2999999999997,,516,26683
515,1052.73,,517,26684
516,1714.78,,518,27931
517,1780.19,,519,26686
518,723.5699999999999,,520,26733
519,368.46,,521,28384
520,662.53,,522,26755
521,1282.3,,523,26756
522,164.95,,524,28028
523,1406.77,,525,26829
524,1969.3799999999999,,526,26830
525,390.09000000000003,,527,26853
526,2419.2599999999998,,528,26906
527,4952.17,,529,26907
528,642.94,,530,26911
529,1576.01,,531,26924
530,749.91,,532,26925
531,1392.09,,533,26926
532,662.73,,534,26927
533,1390.44,,535,26939
534,1019.0999999999999,,536,26973
535,4240.5199999999995,,537,28214
536,744.9,,538,27160
537,660.49,,539,27163
538,1531.69,,540,27168
539,1405.81,,541,27184
540,1532.84,,542,27227
541,5507.58,,543,27228
543,170.54,,545,27230
544,559.9100000000001,,546,27231
545,360.33,,547,27656
546,3557.2000000000007,,548,23665
547,2578.74,,549,23670
548,1038.98,,550,23672
549,5377.14,,551,23676
550,637.83,,552,23701
551,352.87,,553,23703
552,2334.48,,554,23707
553,4404.31,,555,23719
554,1390.3,,556,23721
555,1366.43,,557,23722
556,1669.22,,558,23724
557,733.86,,559,23727
558,1408.82,,561,23747
559,4155.74,,562,23749
560,643.52,,563,23759
561,2158.91,,564,28307
562,644.23,,565,27385
563,948.6899999999999,,566,23871
564,348.63,,567,23878
565,1944.21,,568,23880
566,538.05,,569,23900
567,4540.299999999999,,570,23935
568,2493.96,,571,23992
569,5458.99,,572,23993
570,558.55,,573,23994
571,4880.99,,574,24012
572,642.23,,575,27654
573,6071.78,,576,27943
574,951.67,,577,24014
575,2199.49,,578,24015
576,1715.21,,579,24016
577,359.88,,581,24020
578,669.78,,582,24021
579,2649.66,,583,24023
580,1332.82,,584,27922
581,387.05,,585,24024
583,1688.9,,587,24044
585,4321.71,,589,24070
586,1743.89,,590,24093
588,1034.92,,592,24138
589,374.25,,593,24156
590,2483.7799999999997,,594,24158
591,587.79,,595,24175
592,2839.27,,596,24178
593,1117.58,,597,24242
594,379.0,,598,24266
595,177.25,,599,24272
597,559.46,,601,24278
598,1987.67,,602,24310
600,4346.32,,604,24330
601,367.14,,605,24333
602,1971.41,,606,24375
603,1992.02,,607,24376
604,1574.45,,608,24377
605,1790.7799999999997,,609,24381
606,176.77,,610,24382
607,671.39,,611,24386
608,166.44,,612,24416
609,2568.59,,613,24468
610,373.0,,614,24524
611,2034.79,,615,24534
612,4074.45,,616,24581
613,3327.73,,617,24584
614,1410.75,,618,24587
615,2348.39,,619,24590
616,641.49,,620,24600
617,1303.8600000000001,,621,24606
618,626.0,,622,24613
619,1356.69,,623,24654
620,1028.6,,624,24661
621,176.86,,625,24671
623,4086.79,,627,24694
624,369.47,,628,28347
625,4780.0,,629,24734
626,2032.96,,630,24735
627,1059.51,,631,24746
628,2055.35,,632,24750
629,6463.86,,633,24753
630,626.84,,634,24759
631,391.46,,635,27991
632,394.02,,636,27751
634,1204.15,,638,24812
635,2763.49,,639,24824
636,1955.85,,640,24826
637,1669.19,,641,24872
638,364.28,,642,25037
639,370.83,,643,25040
640,1356.3400000000001,,644,25072
641,4043.92,,645,25074
642,2035.01,,646,25075
643,1581.1799999999998,,647,25076
644,390.78999999999996,,648,27580
645,1995.29,,649,25118
646,365.3,,650,27660
647,4825.45,,651,25130
648,552.25,,652,25175
649,381.44,,653,25179
650,178.11,,654,25180
651,643.72,,655,25181
652,678.8100000000001,,656,27975
653,392.77,,657,28216
654,1440.65,,658,25231
655,1546.05,,659,25280
656,1954.53,,660,25288
657,740.6,,661,27925
658,1203.2600000000002,,662,25291
659,5004.450000000001,,663,25292
660,1229.83,,664,25294
661,850.19,,665,25295
662,6.1,,666,25303
663,1219.17,,667,25307
664,790.06,,668,27875
665,833.51,,669,25308
666,1315.4,,670,25314
667,5837.78,,671,25349
668,4164.68,,672,25367
669,2396.8,,673,25373
670,840.69,,674,28052
671,381.9,,675,25391
672,2041.51,,676,25403
673,2757.9700000000003,,677,25459
674,177.78,,678,25461
675,1201.21,,679,25462
676,1267.85,,680,25483
677,1030.51,,681,27965
678,5747.92,,682,25489
679,1022.1800000000001,,683,25492
680,553.9200000000001,,684,25497
681,661.63,,685,27661
682,1541.8799999999999,,686,25512
683,1408.96,,687,25513
684,1371.23,,688,25514
685,1707.65,,689,25520
686,651.02,,690,25524
687,1349.83,,691,28124
688,1371.1799999999998,,692,25529
690,1055.8700000000001,,694,25579
691,1273.81,,695,25583
692,1015.52,,696,25590
694,1410.9099999999999,,698,25597
695,991.4100000000001,,699,25607
696,782.01,,700,25608
697,377.87,,701,25609
698,5084.450000000001,,702,25653
699,177.92,,703,27736
700,615.65,,704,25692
701,5722.64,,705,25710
703,366.55,,707,25715
704,534.98,,708,25716
705,52.46,,709,25717
706,1651.69,,710,25756
707,4367.6900000000005,,711,27811
708,387.97999999999996,,712,25779
709,2182.77,,713,25805
710,386.37,,714,25806
711,2703.51,,715,25826
712,1048.52,,716,25827
713,5743.719999999999,,717,25855
714,382.61,,718,25864
715,2508.1299999999997,,719,25866
716,2735.34,,720,25868
717,387.43,,721,25869
718,367.97,,722,25871
719,13592.65,,723,25916
720,621.73,,724,25934
721,654.88,,725,25986
722,377.23,,726,26055
723,1417.88,,727,28048
724,1388.11,,728,28043
725,1436.46,,729,28030
726,1691.21,,730,28006
727,5184.73,,731,28110
728,2796.2299999999996,,732,28363
729,398.82,,733,28148
730,798.24,,734,28376
731,351.52,,735,26230
732,4794.889999999999,,736,28158
733,385.85,,737,27636
734,4168.94,,738,26340
735,479.72999999999996,,739,26345
736,585.8399999999999,,740,26376
737,1770.83,,741,27638
738,1830.45,,742,26390
739,65.77,,743,27696
740,2068.13,,744,26442
741,1760.0800000000002,,745,26456
742,179.6,,746,26459
743,5841.72,,747,28128
744,795.67,,748,26541
745,6715.299999999999,,749,26542
746,168.04,,750,26636
747,2302.0899999999997,,751,26826
748,274.71,,752,26827
749,392.83000000000004,,753,26828
750,617.49,,754,26971
751,158.91,,755,26990
752,931.5699999999999,,756,27176
753,666.34,,757,27216
754,4434.160000000001,,758,27217
755,1370.69,,759,28051
756,5984.02,,760,28120
757,4377.07,,761,27613
758,1206.08,,762,28034
759,803.6600000000001,,763,27593
760,122.54999999999998,,764,27273
761,115.87,,765,27274
762,3015.5399999999995,,766,27280
763,443.32000000000005,,767,27284
764,1260.1299999999999,,768,27285
765,317.46000000000004,,769,27286
766,1276.64,,770,27291
767,870.9300000000001,,771,27293
768,1347.51,,772,27301
769,2321.58,,773,28098
770,1408.14,,774,28282
771,192.68,,775,23660
772,2055.88,,776,23661
773,445.79,,777,27807
774,1359.71,,778,27337
775,293.99,,779,27338
776,303.36,,780,27702
777,1684.78,,781,23710
779,1107.01,,784,27800
780,1754.0,,785,23818
781,2041.07,,786,23829
782,3498.99,,787,23893
783,1321.43,,788,23906
784,1027.26,,789,23917
786,1183.04,,791,23996
787,2643.08,,792,24002
788,2558.14,,793,24065
789,396.7,,794,27419
790,428.63,,795,27420
791,277.94,,796,27787
792,1383.05,,797,27423
793,1713.88,,798,27424
794,1841.85,,799,24074
795,1431.05,,800,28002
796,2078.31,,801,24139
797,1640.98,,802,24163
798,370.6,,803,24174
799,4755.74,,804,24185
800,2333.41,,805,24186
801,1076.42,,806,27856
802,1550.46,,807,24195
803,10216.07,,808,24196
804,242.13,,809,24200
805,1280.56,,810,24207
806,767.52,,811,24209
807,985.05,,812,27476
808,678.75,,813,28068
809,5771.009999999999,,814,24312
810,361.03000000000003,,815,24336
811,143.37,,816,24341
812,752.86,,817,24428
813,2436.0899999999997,,818,24432
814,5719.97,,819,24441
815,1360.3700000000001,,820,24443
816,1986.09,,821,24475
817,1414.04,,822,24477
818,8995.78,,823,24586
819,378.24,,824,24592
820,1162.92,,825,24628
821,4279.6,,826,24666
822,1372.74,,827,24670
823,169.99,,828,24690
824,2155.38,,829,24742
825,1349.56,,830,24744
826,100.02,,831,27529
827,675.6199999999999,,832,27537
828,2843.32,,833,24813
829,669.2100000000002,,834,27727
830,1345.03,,835,27978
831,5044.990000000001,,836,27565
832,1352.03,,837,24892
833,8760.09,,838,24898
834,1014.1600000000001,,839,24900
836,257.95,,841,24910
837,779.49,,842,24911
838,5002.44,,844,24952
839,1309.48,,845,28146
840,4294.34,,846,28161
841,177.95,,847,24997
842,5067.09,,848,25017
843,1784.23,,849,27590
844,784.8,,851,25090
845,5531.85,,852,25107
846,614.76,,853,25108
847,4199.58,,854,27964
848,1390.99,,855,27621
849,4363.75,,856,25133
850,4884.96,,857,25135
851,650.8399999999999,,858,25136
852,1948.77,,859,25137
853,1419.82,,860,28316
854,1818.1,,861,25139
855,824.94,,862,25140
856,4220.01,,863,25142
857,1327.2,,864,25143
859,1892.8899999999999,,866,25145
860,170.25,,867,25146
861,2039.91,,868,25147
863,4734.83,,870,25155
864,4868.460000000001,,871,25156
865,678.7,,872,25157
867,658.46,,874,25159
868,852.32,,875,25160
870,637.64,,877,25162
871,1391.54,,878,25163
873,622.12,,880,25165
874,4844.67,,881,25166
875,1334.88,,882,25167
876,4344.29,,883,25168
877,662.53,,884,25170
878,1124.43,,885,28010
879,4141.27,,886,25174
880,1397.99,,887,25177
881,4235.33,,888,25186
882,5943.16,,889,25187
884,1978.57,,891,28142
885,1020.49,,892,25188
886,3556.83,,893,28223
887,3378.3500000000004,,894,25189
888,1433.93,,895,25197
889,861.4399999999999,,896,28323
890,362.81,,897,25198
891,4218.74,,898,25203
892,1368.49,,899,25204
893,817.92,,900,27595
894,1341.19,,901,27767
895,805.22,,902,25208
896,1232.6200000000001,,903,28364
897,5957.120000000001,,904,28069
898,641.01,,905,28137
899,4446.02,,906,28178
900,1004.1299999999999,,907,28018
901,1307.71,,908,28151
902,1133.55,,909,25209
903,4621.2300000000005,,910,28099
904,1744.5900000000001,,911,25216
905,4268.96,,912,25234
906,59.309999999999995,,913,25252
907,407.38,,914,25253
908,1394.0,,915,25256
909,1716.33,,916,25277
910,5021.110000000001,,917,25282
911,5467.89,,918,27814
912,1874.51,,919,25317
913,3566.3599999999997,,920,25325
914,2053.64,,921,25326
915,923.5600000000001,,922,25336
916,216.64,,923,25338
917,275.29,,924,25342
918,1258.14,,925,25343
919,4364.3,,926,25344
920,4256.549999999999,,927,25352
921,2173.9300000000003,,928,25393
922,791.3299999999999,,929,27890
923,1175.21,,930,25471
924,2238.75,,931,25485
925,1596.85,,932,25491
926,99.84,,933,25537
927,1518.34,,934,25558
929,965.59,,936,25572
930,658.7800000000001,,937,25575
931,514.7600000000001,,938,25687
932,2412.24,,939,25689
933,5101.06,,940,25690
934,5185.39,,941,25691
935,2728.2400000000002,,942,25808
936,725.68,,943,25813
937,1412.1299999999999,,944,25987
938,515.64,,945,27881
939,877.9,,946,26072
940,675.6200000000001,,947,26073
941,552.52,,948,26077
942,1057.35,,949,26108
943,174.98999999999998,,950,26126
944,831.3,,951,26127
945,367.85,,952,27904
946,582.78,,953,26216
947,174.53,,954,26287
948,2970.22,,955,26398
949,236.27,,956,26399
951,596.97,,958,26410
952,3674.0599999999995,,959,26411
953,3357.25,,960,26418
954,913.1999999999999,,961,26448
955,1140.9,,962,26450
956,672.43,,963,28320
957,1867.9500000000003,,964,26481
958,405.55000000000007,,965,26485
959,1765.42,,966,26512
960,373.01,,967,28174
961,1942.9100000000003,,968,28325
962,330.06,,969,26523
963,702.1400000000001,,970,26601
964,1969.1,,971,26660
965,385.56,,972,26773
966,446.46000000000004,,973,26822
967,736.0799999999999,,974,26956
968,1204.8600000000001,,975,26965
969,793.98,,976,27002
970,541.93,,977,27195
971,372.37,,978,27355
972,2304.96,,979,23768
973,633.43,,980,23776
974,966.71,,981,23800
975,174.49,,982,23834
976,4039.8,,983,23891
977,1178.6799999999998,,984,23949
979,2463.38,,986,23959
980,936.83,,987,23960
981,664.62,,988,23961
982,515.41,,989,23963
983,4054.83,,990,23965
984,1438.23,,991,23967
985,1170.96,,992,23973
986,374.03,,993,28192
987,379.43,,994,27422
988,2551.51,,995,24095
989,1596.5499999999997,,996,28348
990,5032.790000000001,,997,24145
991,5044.86,,998,24161
992,1846.99,,999,24181
993,6950.7,,1000,24183
994,1300.67,,1001,27970
995,3286.15,,1002,24194
996,2204.31,,1003,27458
997,1495.5,,1004,24231
998,663.49,,1005,24244
999,1247.77,,1006,24252
1000,2553.3700000000003,,1007,24275
1001,2088.37,,1008,24276
1002,6060.46,,1009,24287
1003,947.5699999999999,,1010,24300
1004,1358.95,,1011,24303
1005,830.49,,1012,24304
1006,754.34,,1013,24305
1007,359.88,,1014,24313
1008,168.86,,1015,24323
1009,176.87,,1016,24332
1010,381.23,,1017,24358
1011,433.16999999999996,,1018,24368
1012,1071.25,,1019,24408
1013,630.95,,1020,24414
1014,2231.1400000000003,,1021,24418
1015,171.91,,1022,24419
1016,530.75,,1023,24420
1017,334.38,,1024,24422
1018,720.54,,1025,24423
1019,1083.27,,1026,24453
1020,597.0600000000001,,1027,24460
1021,859.22,,1028,24509
1023,707.4499999999999,,1030,24522
1024,997.9599999999999,,1031,24527
1025,353.22,,1032,28400
1026,678.76,,1033,24598
1027,3585.55,,1034,24645
1028,796.6800000000001,,1035,24664
1029,674.79,,1036,27510
1030,384.87,,1037,24689
1031,171.96,,1038,24691
1032,1795.05,,1039,24825
1033,3494.4400000000005,,1040,24845
1034,218.11,,1041,24852
1035,1262.12,,1042,24871
1036,399.63,,1043,24891
1037,3617.64,,1044,28392
1038,1060.3600000000001,,1045,25012
1039,3287.2799999999997,,1046,25082
1040,2203.5,,1047,25084
1041,2954.55,,1048,25193
1042,1030.6399999999999,,1049,25201
1043,1927.8899999999999,,1050,25202
1044,373.24,,1051,28150
1045,1361.9,,1052,25235
1046,1022.61,,1053,25236
1047,212.94,,1054,25263
1048,735.75,,1055,25268
1049,357.03999999999996,,1056,25275
1050,420.39,,1057,25283
1051,163.51,,1058,25301
1052,3028.8500000000004,,1059,25309
1053,239.24,,1060,25417
1054,1640.54,,1061,25418
1055,1762.23,,1062,25439
1056,811.2,,1063,25456
1057,546.59,,1064,25481
1058,57.239999999999995,,1065,25490
1059,1102.88,,1066,25505
1060,1688.48,,1067,25860
1061,396.52,,1068,25893
1062,1007.74,,1069,25894
1063,1073.32,,1070,25943
1064,347.21,,1071,25944
1065,2650.95,,1072,25950
1066,373.73,,1073,25951
1067,171.98,,1074,25955
1068,950.0600000000001,,1075,25956
1069,383.03999999999996,,1076,25957
1071,747.74,,1078,25959
1072,544.12,,1079,25965
1073,1195.58,,1080,25969
1074,174.36,,1081,26020
1075,936.26,,1082,26034
1076,338.81,,1083,26063
1077,1549.7900000000002,,1084,26078
1078,5222.92,,1085,26083
1079,175.01,,1086,26195
1080,656.8000000000001,,1087,26196
1081,629.68,,1088,26197
1082,164.22,,1089,26198
1083,391.72,,1090,26199
1084,150.26999999999998,,1091,26200
1085,1036.08,,1092,26201
1086,800.02,,1093,26203
1087,179.68,,1094,26204
1088,176.62,,1095,26205
1089,52.8,,1096,26217
1090,797.78,,1097,26247
1091,1883.71,,1098,26248
1093,669.26,,1100,26279
1095,4454.53,,1102,26284
1096,170.07,,1103,26285
1100,1797.62,,1107,26363
1101,1684.73,,1108,26371
1102,523.32,,1109,28310
1103,343.69,,1110,26437
1104,2067.25,,1111,27700
1105,328.7,,1112,26658
1106,4629.910000000001,,1113,26659
1107,552.03,,1114,26672
1109,164.44,,1116,26674
1111,1969.1599999999999,,1118,27854
1113,1268.29,,1120,26678
1115,374.63,,1122,26681
1117,4601.74,,1124,26696
1118,1795.35,,1125,26704
1119,659.95,,1126,26808
1120,563.2199999999999,,1127,26809
1121,212.99,,1128,26813
1122,548.58,,1129,26885
1123,1234.76,,1130,26899
1124,358.48,,1131,26900
1126,5213.44,,1133,26902
1127,575.09,,1134,26903
1128,336.32,,1135,26904
1131,170.04,,1138,28402
1132,175.95,,1139,27136
1135,374.07,,1142,28263
1136,1065.57,,1143,27182
1137,360.89,,1144,27183
1140,892.03,,1147,27597
1141,657.75,,1148,27832
1142,619.08,,1149,27264
1145,176.33,,1152,27268
1149,1045.4699999999998,,1156,27320
1151,342.41,,1158,27335
1154,4692.9,,1161,23664
1155,711.81,,1162,23738
1156,0.63,,1163,23741
1157,95.77000000000001,,1164,23742
1158,740.4300000000001,,1165,23826
1159,166.39,,1166,23839
1160,163.26,,1167,23840
1161,392.55,,1168,23842
1162,639.51,,1170,27400
1163,1500.99,,1171,27789
1164,555.87,,1172,23874
1165,1095.3400000000001,,1173,27403
1166,1207.6799999999998,,1174,27929
1167,616.75,,1175,24027
1168,4267.68,,1176,27412
1170,710.79,,1178,24048
1171,1897.7600000000002,,1179,24078
1172,163.07,,1180,24080
1173,2019.44,,1181,24081
1174,1995.13,,1182,24097
1175,1090.19,,1183,24118
1176,370.57,,1184,24128
1178,808.52,,1186,24133
1180,195.55,,1188,27819
1181,1771.2399999999998,,1189,24151
1182,1675.36,,1190,24152
1183,3274.9,,1191,27801
1184,913.69,,1192,24162
1185,172.97,,1193,24184
1187,1087.62,,1195,24203
1188,1089.26,,1196,24204
1189,988.6,,1197,24241
1191,1415.52,,1199,24255
1192,69.75999999999999,,1200,24273
1193,169.15,,1201,24274
1195,946.23,,1203,27474
1198,917.3399999999999,,1206,24316
1200,2653.1000000000004,,1208,24345
1201,357.77,,1209,24378
1202,996.72,,1210,24379
1203,1317.42,,1211,24380
1204,562.26,,1212,24383
1205,363.19,,1213,24384
1206,1389.37,,1214,24387
1207,1481.06,,1215,24388
1208,4499.21,,1216,24389
1209,668.68,,1217,24390
1210,179.58,,1218,24421
1211,322.22,,1219,24430
1212,2335.01,,1220,27689
1213,371.02,,1221,24508
1214,745.26,,1222,24538
1215,170.95,,1223,27499
1216,780.55,,1224,27500
1217,172.04,,1225,24541
1218,165.52,,1226,24549
1219,4661.01,,1227,24580
1220,1536.29,,1228,24599
1221,177.97,,1229,24620
1224,1243.2,,1232,24677
1225,168.65,,1233,27518
1227,1187.7800000000002,,1235,24829
1228,2469.0,,1236,24840
1229,169.37,,1237,24865
1230,389.24,,1238,24867
1231,655.16,,1239,27791
1232,580.99,,1240,24886
1233,679.3000000000001,,1241,24893
1234,645.27,,1242,24894
1235,820.9100000000001,,1243,24895
1236,631.3,,1244,24896
1238,685.22,,1246,25033
1239,1320.88,,1247,25034
1241,3310.81,,1249,25041
1243,1583.89,,1251,25044
1244,168.53,,1252,25057
1245,453.71999999999997,,1253,25058
1246,1049.45,,1254,25078
1247,381.93,,1255,27921
1248,178.10999999999999,,1256,28247
1249,642.55,,1257,25226
1250,742.67,,1258,28172
1253,0.6,,1261,25240
1254,1009.33,,1262,25241
1257,174.18,,1265,25247
1258,186.37,,1266,25248
1261,627.45,,1269,25419
1262,169.65,,1270,25423
1263,170.21,,1271,25424
1264,546.23,,1272,25431
1266,573.31,,1274,25506
1267,1506.8100000000002,,1275,25511
1268,10464.74,,1276,28089
1273,1201.54,,1281,25919
1275,684.13,,1283,26045
1277,1130.56,,1285,26222
1278,606.1,,1286,26224
1279,1701.29,,1287,26507
1280,1370.88,,1288,26644
1281,728.93,,1289,26646
1282,295.25,,1290,26647
1283,995.41,,1291,26648
1284,76.5,,1292,26997
1286,454.05999999999995,,1294,27018
1287,65.81,,1295,27753
1288,880.02,,1296,27157
1289,339.95,,1297,27178
1290,173.4,,1298,27250
1291,80.1,,1299,27251
1293,3136.7899999999995,,1301,27272
1294,696.21,,1302,27279
1295,224.16000000000003,,1303,27281
1296,192.19,,1304,27282
1297,539.72,,1305,27283
1298,74.06,,1306,27299
1299,671.1999999999999,,1307,27300
1300,217.25,,1308,27713
1301,216.76999999999998,,1309,27359
1302,171.99,,1310,27370
1303,1187.84,,1311,23774
1304,310.83,,1312,27404
1306,163.39,,1315,27547
1307,235.12,,1316,27548
1309,117.02999999999999,,1318,24903
1310,902.9499999999999,,1319,24905
1311,388.56,,1320,25298
1312,433.75,,1321,25341
1314,1067.6100000000001,,1323,28185
1315,6461.21,,1324,25401
1316,535.61,,1325,25523
1317,900.5699999999999,,1326,25531
1318,88.31,,1327,25559
1319,156.26999999999998,,1328,25566
1320,226.06,,1329,25567
1321,458.26,,1330,25568
1322,170.26999999999998,,1331,27731
1323,1268.68,,1332,25573
1324,714.3100000000001,,1333,25574
1325,1721.5,,1334,25684
1326,1047.55,,1335,25686
1327,329.09000000000003,,1336,25688
1328,227.21,,1337,25697
1329,506.07000000000005,,1338,26060
1330,271.06,,1339,26080
1331,2038.61,,1340,26192
1332,395.06000000000006,,1341,26255
1333,0.58,,1342,26256
1335,728.1800000000001,,1344,26258
1337,542.29,,1346,26280
1338,622.83,,1347,26281
1339,364.03000000000003,,1348,26288
1340,212.42000000000002,,1349,26353
1341,173.85,,1350,26354
1342,639.02,,1351,27675
1343,359.63,,1352,26401
1344,395.84000000000003,,1353,26409
1346,582.97,,1355,27956
1347,747.5,,1356,28390
1348,169.63,,1357,26472
1349,374.67,,1358,26473
1350,743.55,,1359,26474
1351,287.14,,1360,26490
1352,1002.51,,1361,27001
1353,2294.33,,1362,27349
1354,165.52,,1363,27351
1355,215.04999999999998,,1364,24005
1356,124.78,,1365,24170
1357,662.73,,1366,27444
1359,341.55,,1368,24309
1360,330.20000000000005,,1369,24329
1362,507.13,,1371,24348
1364,805.4899999999999,,1373,24355
1365,176.81,,1374,24365
1367,174.88000000000002,,1376,24371
1368,950.0899999999999,,1377,24372
1369,516.81,,1378,24424
1370,584.48,,1379,27862
1371,6605.179999999999,,1380,24657
1372,1743.72,,1381,24927
1374,0.62,,1383,25014
1375,405.49,,1384,25015
1377,1109.1399999999999,,1386,25110
1378,1331.79,,1387,25374
1379,1431.67,,1388,28358
1380,379.94,,1389,25413
1381,342.12,,1390,25556
1382,270.45,,1391,25561
1383,567.88,,1392,25565
1384,895.3699999999999,,1393,25700
1385,213.10999999999999,,1394,25828
1386,179.75,,1395,25830
1387,1497.6000000000001,,1396,25832
1388,881.8999999999999,,1397,25836
1389,376.30999999999995,,1398,25837
1390,996.1299999999999,,1399,25876
1391,1141.02,,1400,25877
1392,937.5500000000001,,1401,25883
1393,172.16,,1402,25885
1394,1289.24,,1403,25886
1397,0.6,,1406,25899
1398,1283.32,,1407,25901
1399,693.22,,1408,25903
1400,166.84,,1409,25905
1401,1323.03,,1410,25907
1402,931.5500000000001,,1411,25908
1403,1789.21,,1412,25912
1404,2517.52,,1413,25913
1405,219.04999999999998,,1414,25935
1406,838.9200000000001,,1415,25936
1407,171.1,,1416,26003
1408,164.88,,1417,26004
1409,162.88,,1418,26014
1410,1602.42,,1419,26015
1411,3071.3900000000003,,1420,26017
1412,1322.53,,1421,26018
1413,555.2,,1422,26070
1414,675.34,,1423,28278
1415,2265.54,,1424,26115
1416,1025.64,,1425,26117
1417,1342.5900000000001,,1426,26182
1418,406.28999999999996,,1427,26183
1419,2846.3,,1428,26236
1420,671.01,,1429,26297
1421,1922.46,,1430,26323
1422,4359.49,,1431,26332
1423,8304.5,,1432,26335
1424,8534.029999999999,,1433,23655
1425,4830.41,,1434,28277
1426,383.74,,1435,26479
1427,2205.66,,1436,26483
1428,7519.09,,1437,28261
1429,7071.37,,1438,26530
1430,7790.97,,1439,26531
1431,4360.89,,1440,26540
1432,1649.53,,1441,26562
1433,1096.81,,1442,26566
1434,716.5,,1443,26567
1435,1337.95,,1444,26568
1436,4966.669999999999,,1445,26569
1437,2984.51,,1446,26570
1438,8811.439999999999,,1447,27643
1439,4074.03,,1448,26590
1440,3425.9500000000003,,1449,26592
1441,1765.4199999999998,,1450,26593
1442,2010.5900000000001,,1451,26594
1443,2727.5899999999997,,1452,26597
1444,673.14,,1453,26662
1445,1519.2600000000002,,1454,26665
1446,717.47,,1455,26666
1447,1281.84,,1456,28201
1448,1974.79,,1457,28332
1449,3070.3399999999997,,1458,26667
1450,878.1,,1459,26669
1451,648.42,,1460,26671
1452,4276.62,,1461,26697
1453,655.48,,1462,26698
1454,772.8,,1463,26727
1455,2098.25,,1464,26732
1456,392.92,,1465,26737
1458,2000.12,,1467,26741
1459,3761.97,,1468,26752
1460,3491.0899999999992,,1469,26753
1461,167.23,,1470,26754
1462,1249.75,,1471,26758
1463,1471.11,,1472,26760
1464,3581.1800000000003,,1473,26761
1465,2225.69,,1474,26763
1466,2551.5499999999997,,1475,26764
1467,3148.87,,1476,27823
1468,1998.88,,1477,26766
1469,1388.38,,1478,26770
1470,1421.94,,1479,28399
1471,666.67,,1480,26781
1472,3306.9900000000002,,1481,26782
1473,368.04,,1482,26787
1474,3707.88,,1483,26790
1475,2867.67,,1484,26797
1476,1770.3000000000002,,1485,26799
1477,351.47,,1486,26803
1478,3490.95,,1487,26841
1479,1768.3400000000001,,1488,26842
1480,1690.56,,1490,28027
1481,1867.26,,1491,26952
1482,164.46,,1492,26958
1483,7555.42,,1493,26966
1484,1172.8700000000001,,1494,26968
1485,4410.69,,1495,28271
1486,3684.52,,1496,26980
1487,4141.299999999999,,1497,27131
1488,1597.03,,1498,27172
1489,371.85,,1499,27201
1490,1941.29,,1500,27202
1491,2750.2,,1501,27221
1492,4721.72,,1502,27313
1493,1037.85,,1503,27342
1494,3753.3100000000004,,1504,27343
1495,2395.14,,1505,27345
1496,752.5,,1506,28183
1497,1899.77,,1507,28202
1498,381.18,,1508,28257
1499,5480.61,,1509,23751
1500,4777.0,,1510,23755
1501,2619.1299999999997,,1511,23756
1502,176.19,,1512,23773
1503,2332.8999999999996,,1513,23788
1504,5626.06,,1514,23791
1505,663.96,,1515,23794
1506,3545.45,,1516,23805
1507,4901.0599999999995,,1517,23817
1508,5739.49,,1518,23827
1509,2056.41,,1519,27390
1510,2383.46,,1520,23851
1511,2488.15,,1521,27884
1512,2214.17,,1522,27983
1513,1566.49,,1523,23882
1514,3552.73,,1524,23938
1515,4089.1499999999996,,1525,23941
1516,636.08,,1526,23942
1517,1356.3700000000001,,1527,23943
1518,8879.37,,1528,23944
1519,730.6700000000001,,1529,23991
1520,1369.04,,1530,27864
1521,4441.88,,1531,28276
1522,2410.1,,1532,27415
1523,2458.85,,1533,27416
1524,169.29,,1534,24057
1525,2066.94,,1535,24058
1526,1810.6100000000001,,1536,24060
1528,3274.8999999999996,,1538,27427
1529,12579.92,,1539,27433
1530,3363.3,,1540,28228
1531,2252.53,,1541,27456
1532,6687.159999999999,,1542,24192
1533,5525.99,,1543,24206
1534,5344.48,,1544,24221
1535,2978.01,,1545,24250
1536,6254.759999999999,,1546,24251
1537,1524.0900000000001,,1547,24280
1538,2496.9700000000003,,1548,28295
1539,1558.64,,1549,27473
1540,3058.96,,1550,24394
1541,1592.9100000000003,,1551,24431
1542,5836.99,,1552,24436
1543,1611.48,,1553,24507
1544,828.3299999999999,,1554,24523
1545,441.97,,1555,24532
1546,6117.83,,1556,24561
1547,4434.87,,1557,24562
1548,1510.5099999999998,,1558,24567
1549,2671.3999999999996,,1559,24573
1550,2167.8199999999997,,1560,27845
1551,1862.38,,1561,28044
1552,979.7900000000001,,1562,27786
1553,2252.39,,1563,24585
1554,4196.18,,1564,24596
1555,4664.2699999999995,,1565,24607
1556,2322.84,,1567,24610
1557,1318.42,,1568,24611
1559,4077.43,,1570,24639
1560,3049.4000000000005,,1571,24701
1561,1495.0,,1572,28094
1562,1433.52,,1573,24762
1563,4354.2,,1574,27527
1564,4544.96,,1575,24828
1565,630.07,,1576,24878
1567,1897.0,,1578,24956
1568,1638.52,,1579,24963
1569,4602.24,,1580,28104
1570,362.47,,1581,24989
1571,1382.94,,1582,24990
1572,3124.1299999999997,,1583,24991
1573,731.19,,1584,24992
1574,1427.2900000000002,,1585,28317
1576,1408.55,,1587,28315
1577,1319.4299999999998,,1588,25101
1578,1041.6599999999999,,1589,25102
1579,678.3100000000001,,1590,27694
1580,5733.02,,1591,25109
1581,1311.69,,1592,25124
1582,3471.03,,1593,25127
1583,167.66,,1594,25132
1584,17.57,,1595,25144
1585,1014.57,,1596,25149
1586,2745.16,,1597,25150
1588,3229.7599999999998,,1599,25151
1589,1809.97,,1600,25152
1590,6815.6500000000015,,1601,25185
1591,5821.77,,1602,23646
1592,4106.92,,1603,25264
1593,2058.51,,1604,25276
1595,2207.9,,1606,25546
1596,567.09,,1607,23650
1597,3479.8599999999997,,1608,25602
1598,3869.11,,1609,25671
1599,1287.9499999999998,,1610,25759
1600,2804.8199999999997,,1611,25892
1601,5277.25,,1612,25898
1602,1896.42,,1613,25937
1603,8602.52,,1614,23651
1604,646.75,,1615,26006
1605,1671.94,,1616,26035
1606,3241.83,,1617,26037
1607,461.76,,1618,26231
1608,172.46,,1619,26243
1609,74.46,,1620,26301
1611,1793.85,,1622,28324
1612,512.07,,1623,26333
1613,1089.25,,1624,26358
1614,712.43,,1625,26462
1615,126.64,,1626,27946
1616,52.05,,1627,26477
1617,1229.5,,1628,26492
1618,889.79,,1629,26495
1619,1372.19,,1630,26525
1620,540.23,,1631,26532
1621,1212.8899999999996,,1632,26608
1622,1153.47,,1633,26886
1623,442.93000000000006,,1634,26920
1624,317.93,,1635,27821
1625,2999.86,,1636,26929
1626,983.8799999999999,,1637,26976
1627,67.3,,1638,27053
1628,175.61,,1639,27087
1629,186.64999999999998,,1640,27090
1630,5469.970000000001,,1641,27091
1631,272.41,,1642,28251
1632,1078.88,,1643,27132
1633,65.11,,1644,27137
1634,92.17,,1645,27138
1635,306.36,,1646,27747
1636,2479.22,,1647,27170
1637,390.45000000000005,,1648,27259
1638,278.06,,1649,27260
1639,266.27,,1650,27755
1640,871.23,,1651,28375
1641,195.97,,1652,23717
1642,122.77000000000001,,1653,27758
1643,423.85,,1654,24237
1644,450.15,,1655,27481
1645,78.42999999999999,,1656,24434
1646,608.5500000000001,,1657,27496
1648,223.87,,1659,24950
1649,703.3299999999999,,1660,24957
1651,376.48,,1662,27940
1652,469.13,,1663,27763
1653,582.25,,1664,25381
1654,366.6,,1665,27920
1655,306.12,,1666,25421
1656,151.25,,1667,25509
1657,2162.9500000000003,,1668,27765
1658,1519.3000000000002,,1669,25530
1659,173.19,,1670,25606
1660,135.56,,1671,25693
1661,889.28,,1672,25896
1662,810.75,,1673,26141
1663,1073.49,,1674,26144
1664,1111.53,,1675,26145
1665,333.86,,1676,26151
1666,1063.48,,1677,26152
1667,3241.0200000000004,,1678,26260
1668,6378.69,,1679,26314
1669,976.08,,1680,26317
1670,3060.75,,1681,26351
1671,786.75,,1682,26360
1672,1192.69,,1683,26361
1673,2754.31,,1684,26457
1674,8169.839999999999,,1685,28318
1675,1036.73,,1686,28397
1676,512.0,,1687,26653
1677,1089.8200000000002,,1688,26699
1678,459.3,,1689,26708
1680,1730.14,,1691,26837
1681,707.87,,1692,26872
1683,2317.61,,1694,26922
1684,361.56,,1695,27915
1685,1038.55,,1696,27025
1686,2984.4599999999996,,1697,27026
1687,707.2600000000001,,1698,27060
1688,1319.7999999999997,,1699,27063
1689,222.99,,1700,27089
1690,4534.759999999999,,1701,27110
1691,2641.71,,1702,27150
1692,173.4,,1703,27989
1693,179.98,,1704,27165
1694,538.23,,1705,27222
1695,319.59999999999997,,1706,27223
1697,4993.97,,1708,27224
1698,1374.08,,1709,27339
1699,1700.3000000000002,,1710,23675
1700,5207.14,,1711,23732
1701,2111.9700000000003,,1712,27363
1702,648.05,,1713,27364
1704,664.34,,1715,23802
1705,1556.1299999999999,,1716,23820
1706,2522.35,,1717,23830
1707,653.61,,1718,23831
1708,381.41,,1719,27391
1709,370.3,,1720,27392
1710,5488.049999999999,,1721,27394
1711,3294.8399999999997,,1722,23849
1712,1696.4699999999998,,1723,23852
1713,566.72,,1724,27757
1714,245.58,,1725,23866
1715,1399.77,,1726,23867
1716,6949.109999999999,,1727,23869
1717,558.37,,1728,27402
1718,2474.1900000000005,,1729,23883
1719,2275.1800000000003,,1730,23924
1720,2558.95,,1731,23925
1721,2952.2799999999997,,1732,23926
1722,994.99,,1733,27407
1723,4150.9400000000005,,1734,23927
1724,830.0300000000001,,1735,27723
1725,2116.69,,1736,23928
1726,1835.77,,1737,23929
1727,1394.34,,1738,24004
1728,1590.5500000000002,,1739,24009
1729,2199.28,,1740,24064
1730,843.7500000000001,,1741,24066
1731,932.64,,1742,27421
1732,1056.85,,1743,24105
1733,619.01,,1744,27437
1734,1856.9,,1745,24173
1735,588.9100000000001,,1746,27447
1736,1665.5200000000002,,1747,24216
1737,638.99,,1748,24218
1739,569.05,,1750,24232
1740,3609.99,,1751,24233
1741,1795.5000000000002,,1752,24235
1742,402.04,,1753,24236
1743,1311.16,,1754,24239
1744,577.29,,1755,24248
1745,598.06,,1756,27469
1746,1877.2399999999998,,1757,27472
1747,2424.66,,1758,24327
1748,2923.74,,1759,24406
1749,4078.31,,1760,24425
1750,7217.050000000001,,1761,27484
1751,570.1099999999999,,1762,27486
1752,550.55,,1763,27810
1753,3691.6800000000003,,1764,24479
1754,188.04999999999998,,1765,27855
1755,2931.88,,1766,24632
1756,1202.04,,1767,27514
1757,1049.6399999999999,,1768,27693
1758,1878.3999999999999,,1769,24705
1759,4275.650000000001,,1770,24706
1760,10144.95,,1771,27520
1761,1333.96,,1772,27525
1762,1169.35,,1773,27528
1763,676.63,,1774,24789
1764,4789.7699999999995,,1775,28175
1765,1013.51,,1776,27544
1766,362.47,,1777,27550
1767,7352.170000000001,,1778,24843
1769,4354.08,,1780,24856
1770,1845.2999999999997,,1781,24921
1771,810.94,,1782,24949
1772,600.94,,1783,24961
1773,1087.67,,1784,24968
1774,1024.76,,1785,24969
1775,2077.33,,1786,25027
1776,2318.62,,1787,25085
1777,1063.3700000000001,,1788,25088
1778,835.71,,1789,25094
1779,2170.7799999999997,,1790,25106
1780,3112.28,,1791,25115
1781,377.64,,1792,25128
1782,387.96000000000004,,1793,25313
1783,1792.22,,1794,25315
1784,1592.95,,1795,25392
1785,2712.93,,1796,25412
1786,3326.85,,1797,28156
1787,2647.0699999999997,,1798,25446
1788,2123.8199999999997,,1799,25494
1789,331.22,,1800,25507
1790,1936.1599999999999,,1801,25685
1791,429.63,,1802,25776
1792,276.42,,1803,26046
1793,4355.78,,1804,28188
1794,4999.95,,1805,28258
1795,1923.58,,1806,26164
1796,1173.3000000000002,,1807,26167
1797,5684.61,,1808,26168
1798,596.06,,1809,27849
1799,297.01,,1810,26170
1800,2075.33,,1811,26174
1801,523.57,,1812,26175
1802,843.81,,1813,26176
1803,720.85,,1814,26228
1804,1926.75,,1815,28306
1805,797.7,,1816,23653
1806,4946.0,,1817,27772
1807,2609.55,,1818,26385
1808,172.06,,1819,26386
1809,387.7,,1820,26415
1810,6690.650000000001,,1821,26553
1811,450.59,,1822,26649
1812,1289.3200000000002,,1823,26650
1813,3489.9800000000005,,1824,26651
1814,1753.05,,1825,26654
1816,667.91,,1827,26814
1817,4549.57,,1828,26817
1818,609.8100000000001,,1829,26856
1819,4682.0,,1830,28198
1820,796.83,,1831,26961
1821,1230.1599999999999,,1832,26979
1822,561.26,,1833,26999
1823,3070.17,,1834,27004
1824,1375.8999999999999,,1835,27162
1825,554.54,,1836,28403
1826,2236.4300000000003,,1837,27225
1827,872.9699999999999,,1838,27695
1828,572.34,,1839,27323
1829,2960.5499999999997,,1840,27334
1830,2404.13,,1841,27828
1831,175.98,,1842,23667
1832,2268.02,,1843,23743
1833,653.46,,1844,23763
1834,1055.94,,1845,23771
1836,386.0,,1847,23779
1837,2177.83,,1848,23781
1838,7693.08,,1849,23785
1839,632.92,,1850,23787
1840,830.08,,1851,23790
1841,108.87,,1852,27401
1842,5030.99,,1853,27406
1843,1391.56,,1854,23946
1844,1225.33,,1855,23987
1845,4447.75,,1856,28342
1846,8818.039999999999,,1857,27409
1847,166.61,,1858,24117
1848,6664.389999999999,,1859,24159
1849,402.28000000000003,,1860,24176
1850,164.11,,1862,24219
1851,138.83999999999997,,1863,27468
1852,2098.73,,1864,24245
1853,174.65,,1865,24279
1854,1460.22,,1866,24282
1855,1602.29,,1867,24410
1856,6066.91,,1868,27485
1857,3.02,,1869,27495
1858,353.53999999999996,,1870,24531
1859,454.97,,1871,24552
1860,1640.83,,1872,24555
1861,1051.5,,1873,24574
1862,1270.21,,1874,24575
1863,4277.24,,1875,24577
1864,747.14,,1876,24578
1865,796.1899999999999,,1877,24594
1866,2007.4799999999998,,1878,24648
1867,2565.09,,1879,24655
1868,2665.32,,1880,24660
1869,1266.74,,1881,24663
1870,2812.3,,1882,24669
1872,912.0699999999999,,1884,24715
1873,1139.74,,1885,24748
1874,169.51,,1886,24785
1875,2901.53,,1887,24799
1876,1268.83,,1888,27760
1877,1945.01,,1889,27531
1878,1088.7,,1890,27542
1879,2121.99,,1891,27557
1880,1619.62,,1892,24876
1881,615.3399999999999,,1893,24881
1882,173.55,,1894,27570
1883,393.04,,1895,24912
1884,4481.16,,1896,24916
1885,1367.61,,1897,24924
1886,562.85,,1898,27606
1887,2049.16,,1899,24930
1888,3286.5299999999997,,1900,24932
1889,1605.47,,1901,24941
1890,7412.780000000001,,1902,28266
1891,4183.98,,1903,25083
1892,1431.2299999999998,,1904,27582
1893,571.3299999999999,,1905,25223
1894,2763.8100000000004,,1906,25259
1895,121.46,,1907,25260
1896,41.89,,1908,25261
1897,588.9399999999999,,1909,25262
1898,1518.7600000000002,,1910,25318
1899,6803.320000000001,,1911,25380
1900,196.79,,1912,25385
1901,387.09,,1913,25386
1902,1602.6599999999999,,1914,25397
1903,944.44,,1915,25429
1904,1972.1,,1916,25432
1905,6629.27,,1917,28314
1906,720.5100000000001,,1918,25440
1907,1285.8200000000002,,1919,25452
1908,550.7,,1920,25469
1909,1436.65,,1921,25474
1911,1112.94,,1923,25501
1912,886.36,,1924,25504
1913,6920.8,,1925,25508
1914,371.43,,1926,25510
1915,1746.98,,1927,25532
1916,1041.77,,1928,25535
1918,2199.08,,1930,28309
1919,627.1,,1931,25627
1920,830.9499999999999,,1932,25640
1921,164.66,,1933,25641
1922,178.18,,1934,25642
1923,2168.9100000000003,,1935,25643
1924,179.05,,1936,25644
1925,2163.05,,1937,25645
1926,1004.16,,1938,25658
1927,1322.9299999999998,,1939,25661
1928,1294.7799999999997,,1940,25720
1929,1371.98,,1941,25721
1930,646.4100000000001,,1942,25722
1931,812.4000000000001,,1943,25754
1932,883.78,,1944,25768
1933,1733.7200000000003,,1945,25770
1934,399.14,,1946,25807
1935,1327.1,,1947,25820
1936,1726.31,,1948,25844
1937,553.46,,1949,25931
1938,417.62,,1950,25976
1939,660.59,,1951,26010
1940,1120.08,,1952,26026
1941,595.3100000000001,,1953,26027
1942,2642.53,,1954,26028
1943,370.64,,1955,27630
1944,1639.8799999999999,,1956,26031
1945,429.98,,1957,26054
1946,1349.01,,1958,26082
1947,179.48,,1959,26119
1948,2117.56,,1960,26128
1949,373.46,,1961,26190
1950,392.13,,1962,26209
1951,3139.0699999999997,,1963,26232
1956,1167.8400000000001,,1968,26305
1957,179.03,,1969,27803
1960,3237.2099999999996,,1972,26377
1961,2354.32,,1973,26397
1962,712.47,,1974,26402
1963,790.09,,1975,26403
1964,345.1,,1976,28088
1965,1582.1100000000001,,1977,26420
1966,676.76,,1978,26422
1967,636.54,,1979,26423
1969,661.16,,1981,26426
1970,2135.09,,1982,26480
1971,575.52,,1983,26486
1972,396.41,,1984,26487
1974,557.48,,1986,26491
1975,400.36,,1987,26511
1976,367.59,,1988,26526
1977,1347.5,,1989,26527
1979,357.88,,1991,26529
1983,3721.7,,1995,26838
1984,839.74,,1996,28366
1985,498.74,,1997,27641
1986,615.48,,1998,27012
1991,1.23,,2003,27839
1993,177.77,,2005,27936
1994,1830.11,,2006,27378
1995,806.4499999999999,,2007,23953
1996,2598.05,,2008,23971
1997,754.3299999999999,,2009,23972
2000,1299.98,,2012,24028
2001,4080.41,,2013,28226
2002,381.71,,2014,24045
2003,1552.3700000000001,,2015,24075
2004,375.78,,2016,24076
2005,2273.93,,2017,27454
2006,361.9,,2018,24271
2007,4976.209999999999,,2019,24438
2009,2123.44,,2021,27847
2010,1972.19,,2022,28145
2011,1615.71,,2023,27493
2013,1021.73,,2025,24482
2015,9470.96,,2027,24490
2018,1537.31,,2030,24526
2019,631.49,,2031,24638
2020,1740.33,,2032,24695
2021,3121.5699999999997,,2033,27805
2025,1996.02,,2037,24948
2026,2937.21,,2038,24953
2027,905.1600000000001,,2039,24954
2028,650.83,,2040,24974
2029,0.59,,2041,24975
2032,4607.3,,2044,24978
2036,382.31,,2048,24986
2038,2322.91,,2050,25113
2039,364.73,,2051,25114
2040,738.27,,2052,25329
2042,761.91,,2054,25340
2043,363.83,,2055,25366
2044,667.9,,2056,25622
2045,1470.6899999999998,,2057,25625
2046,799.98,,2058,25628
2049,369.74,,2061,25778
2051,1430.36,,2063,25819
2052,406.65,,2064,25822
2053,552.1,,2065,25824
2054,3120.9399999999996,,2066,25938
2055,3193.41,,2067,25939
2056,2124.23,,2068,25945
2057,1193.0500000000002,,2069,25946
2058,1067.8700000000001,,2070,25947
2059,4152.360000000001,,2071,25948
2060,6187.409999999999,,2072,25949
2061,748.49,,2073,25978
2062,656.33,,2074,25992
2064,408.95,,2076,25994
2065,167.73,,2077,25995
2066,166.25,,2078,25996
2067,177.54,,2079,25997
2068,1403.06,,2080,25998
2069,1008.9300000000001,,2081,25999
2071,805.9,,2083,26001
2072,164.2,,2084,26002
2074,166.55,,2086,26008
2075,169.06,,2087,26011
2077,360.97,,2089,26030
2078,1346.13,,2090,26032
2079,6664.110000000001,,2091,26075
2081,1773.54,,2093,26090
2082,1860.9,,2094,26130
2083,1031.14,,2095,26131
2084,637.05,,2096,26184
2085,1047.6799999999998,,2097,26208
2086,342.51,,2098,26239
2087,6964.13,,2099,26245
2088,992.2,,2100,26246
2089,379.26,,2101,26254
2090,1529.75,,2102,26282
2091,2128.56,,2103,26294
2092,380.75,,2104,26296
2093,35.89,,2105,28176
2094,1012.97,,2106,26298
2095,548.6600000000001,,2107,26312
2096,1633.59,,2108,26383
2097,377.08,,2109,26433
2098,2410.16,,2110,26484
2099,671.25,,2111,26548
2100,1460.8999999999999,,2112,26564
2101,6461.78,,2113,26623
2102,625.16,,2114,26685
2105,1391.62,,2117,23659
2106,683.16,,2118,28064
2107,375.01,,2119,27816
2108,4657.330000000001,,2120,23725
2109,0.6,,2121,23761
2110,978.9,,2122,23762
2111,557.26,,2123,23765
2112,740.53,,2124,23778
2113,1038.58,,2125,23807
2114,2010.52,,2126,23845
2115,4571.7,,2127,23846
2116,539.97,,2128,23847
2117,1001.3899999999999,,2129,23848
2118,1301.8999999999999,,2130,23858
2119,1439.42,,2131,23861
2120,395.18,,2132,23863
2122,557.6800000000001,,2134,23875
2123,562.93,,2135,23884
2126,735.19,,2138,23894
2127,674.24,,2139,23899
2128,394.73,,2140,23901
2129,632.79,,2141,23902
2130,1481.8300000000002,,2142,27887
2131,1714.43,,2143,23904
2132,368.01,,2144,23915
2133,4634.889999999999,,2145,28296
2134,2368.16,,2146,23918
2135,1927.94,,2147,23919
2136,4676.32,,2148,28238
2137,985.2,,2149,23947
2138,2720.67,,2150,23948
2139,1401.69,,2151,23981
2140,383.97,,2152,23984
2141,1411.57,,2153,23986
2142,428.84,,2154,24034
2143,1044.22,,2155,24041
2144,2328.9100000000003,,2156,24082
2145,922.1,,2157,24124
2146,3338.0,,2158,24127
2147,1603.1599999999999,,2159,24136
2148,1323.35,,2160,24146
2149,893.2,,2161,24147
2150,1973.87,,2162,24148
2152,631.04,,2164,24261
2153,4371.53,,2165,24264
2154,1041.4499999999998,,2166,24294
2155,1355.46,,2167,24518
2156,2932.45,,2168,24519
2157,1464.58,,2169,24619
2158,1024.43,,2170,24626
2159,383.89,,2171,24659
2160,1008.6100000000001,,2172,24662
2161,832.98,,2173,24678
2162,3749.8200000000006,,2174,24684
2163,3237.49,,2175,24685
2164,1156.4,,2176,24688
2166,2078.35,,2178,24719
2167,1536.3400000000001,,2179,24755
2168,1394.42,,2180,24760
2169,2285.3,,2181,24773
2170,5031.07,,2182,28283
2171,1425.56,,2183,27566
2172,998.4399999999999,,2184,24879
2173,374.44,,2185,24928
2174,373.28,,2186,24933
2175,1179.71,,2187,24934
2176,345.33000000000004,,2188,24971
2177,1014.69,,2189,28356
2178,2279.6099999999997,,2190,28023
2179,629.29,,2191,28239
2180,4147.66,,2192,25297
2182,678.7,,2194,25389
2183,676.96,,2195,27996
2184,1414.48,,2196,25545
2186,1002.82,,2198,25576
2187,893.1100000000001,,2199,25635
2188,1035.6000000000001,,2200,25639
2191,0.59,,2203,25674
2192,3360.16,,2204,25678
2193,1402.79,,2205,25679
2194,165.16,,2206,25711
2195,498.65999999999997,,2207,25712
2196,172.99,,2208,25713
2197,3512.08,,2209,25774
2198,3453.6300000000006,,2210,25775
2199,766.46,,2211,25811
2203,812.4300000000001,,2215,25838
2204,176.77,,2216,25839
2205,626.58,,2217,25853
2206,630.2,,2218,25856
2207,897.35,,2219,25858
2208,1164.0900000000001,,2221,25878
2210,6906.79,,2223,25880
2211,896.97,,2224,25881
2212,1009.5799999999999,,2225,25882
2213,1033.01,,2226,25887
2214,2421.0,,2227,25888
2215,1062.81,,2228,25889
2217,991.49,,2230,25891
2218,4376.2,,2231,25927
2219,999.3199999999999,,2232,25928
2220,830.6700000000001,,2233,25929
2221,684.71,,2234,25932
2222,2354.66,,2235,25933
2223,1440.24,,2236,25940
2224,1435.87,,2237,25941
2225,739.71,,2238,25961
2226,207.42000000000002,,2239,25967
2227,1046.03,,2240,25970
2228,1503.8000000000002,,2241,28327
2229,552.76,,2242,25971
2230,2791.77,,2243,25972
2231,1737.61,,2244,25982
2232,2239.64,,2245,25983
2233,2452.2000000000003,,2246,25984
2234,3502.32,,2247,25985
2235,381.14,,2248,25988
2236,1993.3,,2249,26036
2237,643.84,,2250,26051
2239,443.71999999999997,,2252,26093
2240,467.87000000000006,,2253,26655
2241,367.48999999999995,,2254,27841
2242,533.9,,2255,27699
2243,337.06,,2256,26996
2244,281.34,,2257,27017
2245,701.74,,2258,27092
2246,915.96,,2259,27093
2247,109.61,,2260,27798
2248,452.46000000000004,,2261,27704
2249,335.04,,2262,27431
2250,310.25,,2263,27761
2251,5819.299999999999,,2264,24321
2252,1268.3600000000001,,2265,24476
2253,575.73,,2266,24492
2254,3424.5699999999997,,2267,24646
2255,64.86,,2268,27532
2256,2205.4900000000002,,2269,27988
2257,1325.23,,2270,27535
2258,539.06,,2271,27536
2259,180.19,,2272,27540
2260,2757.9500000000003,,2274,24942
2261,336.51,,2275,25267
2262,4341.97,,2276,25300
2263,937.62,,2277,25637
2264,4737.28,,2278,25962
2265,1098.48,,2279,25963
2266,876.8299999999999,,2280,25968
2267,376.01,,2281,25977
2268,1778.1,,2282,26079
2269,1651.16,,2283,26114
2270,2553.86,,2284,26191
2271,424.4,,2285,26225
2272,1101.4099999999999,,2286,26240
2273,1653.54,,2287,28235
2274,5848.139999999999,,2288,26267
2275,1453.0,,2289,26291
2276,983.5899999999999,,2290,26365
2277,1295.71,,2291,26384
2278,929.76,,2292,26434
2279,2097.3500000000004,,2293,26496
2280,1128.98,,2294,26552
2281,372.33,,2295,26560
2282,2839.6400000000003,,2296,26563
2283,1170.19,,2297,27770
2284,1116.77,,2298,28388
2285,3673.8,,2299,26598
2286,2012.44,,2300,26610
2287,847.63,,2301,28187
2288,788.5,,2302,26624
2289,425.86,,2303,26625
2290,3177.08,,2304,26633
2291,2418.6600000000003,,2305,26634
2292,490.53999999999996,,2306,26635
2293,649.31,,2307,26641
2294,164.46,,2308,26645
2295,856.1700000000001,,2309,26687
2296,1674.3500000000004,,2310,26695
2297,732.1999999999999,,2311,26705
2298,126.38999999999999,,2312,26713
2299,315.51,,2313,26818
2300,959.77,,2314,26819
2301,524.9499999999999,,2315,26849
2302,99.66,,2316,26858
2303,4490.33,,2317,26864
2304,1884.3500000000001,,2318,26865
2305,444.33000000000004,,2319,26874
2306,987.04,,2320,26875
2307,488.59000000000003,,2321,26877
2308,1258.0900000000001,,2322,26878
2309,2413.89,,2323,26880
2310,505.0,,2324,26881
2311,1130.04,,2325,26882
2312,420.26,,2326,26883
2313,5197.519999999999,,2327,26933
2314,893.28,,2328,26937
2315,1101.06,,2329,27938
2316,750.46,,2330,26957
2317,724.8,,2331,26964
2318,177.58,,2332,27742
2319,1478.1299999999999,,2333,26984
2320,2711.8100000000004,,2334,28336
2321,742.14,,2335,27003
2322,701.27,,2336,27014
2323,2054.9500000000003,,2337,27038
2324,404.81,,2338,27039
2325,282.59000000000003,,2339,27040
2326,291.74,,2340,27041
2327,918.3899999999999,,2341,27043
2328,437.79,,2342,27045
2329,1188.52,,2343,27048
2330,937.4,,2344,27049
2331,236.5,,2345,27056
2332,264.94,,2346,27058
2333,1556.6399999999999,,2347,27059
2334,656.29,,2348,28079
2335,882.0999999999999,,2349,27069
2336,2299.2,,2350,27070
2337,983.1,,2351,27071
2338,357.59999999999997,,2352,27072
2339,8594.68,,2353,28040
2340,1273.8400000000001,,2354,28003
2342,907.9399999999999,,2356,27074
2343,1458.0299999999997,,2357,27075
2344,3010.7300000000005,,2358,27076
2345,838.0100000000001,,2359,27077
2346,1650.95,,2360,27078
2347,2038.27,,2361,27079
2348,543.89,,2362,27080
2349,107.92,,2363,27084
2350,715.14,,2364,27085
2351,797.63,,2365,27086
2352,665.2099999999999,,2366,27095
2353,1972.6399999999996,,2367,27097
2355,332.19,,2369,27896
2356,614.73,,2370,27099
2357,1023.2400000000001,,2371,27100
2358,3021.1600000000003,,2372,27101
2359,1607.26,,2373,27102
2360,458.62999999999994,,2374,27103
2361,875.9900000000001,,2375,27105
2362,572.34,,2376,28182
2363,1755.86,,2377,27106
2364,2021.55,,2378,27116
2365,426.66,,2379,27117
2366,249.77,,2380,27118
2367,233.36,,2381,27119
2368,1563.9900000000002,,2382,27120
2369,773.29,,2383,27121
2370,1054.2600000000002,,2384,27122
2371,1720.94,,2385,27123
2372,2889.3300000000004,,2386,27124
2373,615.65,,2387,27125
2374,679.1800000000001,,2388,27126
2375,664.51,,2389,27127
2376,1187.36,,2390,27128
2377,572.9,,2391,27129
2378,419.32,,2392,27133
2379,343.11,,2393,27812
2380,313.5,,2394,27134
2381,2291.6099999999997,,2395,27135
2382,3740.8999999999996,,2396,27139
2383,2647.3999999999996,,2397,27824
2384,2487.0499999999997,,2398,27142
2385,978.0799999999999,,2399,27144
2386,1650.32,,2400,28368
2387,443.19,,2401,28346
2388,954.8199999999999,,2402,28311
2389,660.3299999999999,,2403,27871
2390,248.0,,2404,27206
2392,299.29999999999995,,2406,27209
2393,4330.3,,2407,28165
2394,156.25,,2408,27721
2395,2513.5599999999995,,2409,28359
2396,749.7599999999999,,2410,28351
2397,2682.66,,2411,27257
2398,1940.0900000000001,,2412,27278
2399,944.48,,2413,27316
2400,1898.9599999999998,,2414,27319
2401,71.58000000000001,,2415,27733
2402,2291.04,,2416,27336
2403,313.98,,2417,23663
2404,1228.6200000000001,,2418,27352
2405,286.81,,2419,23692
2406,1661.18,,2420,23699
2407,1196.6499999999999,,2421,23700
2408,977.88,,2422,23734
2410,2763.51,,2424,23745
2411,3496.9199999999996,,2425,28243
2412,2305.65,,2426,23753
2413,634.75,,2427,28073
2414,163.96,,2428,27372
2415,1311.97,,2429,23777
2416,914.1800000000001,,2430,23832
2417,870.9300000000001,,2431,27405
2418,547.9300000000001,,2432,23933
2419,1886.6399999999999,,2433,24025
2420,431.74,,2434,24050
2421,53.17000000000001,,2435,27425
2422,2103.46,,2436,27462
2423,4530.9,,2437,27463
2424,731.4599999999999,,2438,27465
2425,3201.9900000000002,,2440,24331
2426,660.46,,2441,28300
2427,1322.2400000000002,,2442,28354
2428,4455.38,,2443,27488
2429,29.33,,2444,27829
2430,3374.3599999999997,,2445,28143
2431,5988.920000000001,,2446,24506
2432,5500.360000000001,,2447,28265
2433,1490.2,,2448,27498
2434,5409.4400000000005,,2449,27502
2435,1893.7900000000004,,2450,24614
2436,1711.5699999999997,,2451,24615
2437,9956.269999999999,,2452,27715
2438,1180.03,,2453,24667
2439,1452.36,,2454,27509
2440,913.6800000000001,,2455,24680
2441,445.14,,2456,24740
2442,1385.4,,2457,24763
2443,1730.6200000000001,,2458,24764
2444,1041.6299999999999,,2459,24775
2446,362.4,,2461,27729
2447,6911.61,,2462,24831
2448,1659.3800000000003,,2463,27567
2449,1739.1499999999996,,2464,24889
2451,737.2099999999999,,2466,28169
2452,2714.06,,2467,28106
2453,392.57,,2468,28395
2454,1181.9399999999998,,2469,27584
2455,2209.27,,2470,28274
2456,752.27,,2471,25131
2457,396.14,,2472,25199
2458,479.15,,2473,27743
2459,997.9000000000001,,2474,25257
2460,652.77,,2475,27709
2461,291.56,,2476,27774
2462,1709.32,,2477,25310
2463,1375.49,,2478,25328
2464,3463.74,,2479,25455
2465,1018.9600000000002,,2480,28371
2466,1893.2099999999996,,2481,25458
2467,3292.6400000000003,,2482,25482
2468,1046.6399999999999,,2483,25600
2469,2053.67,,2484,25614
2470,2837.05,,2485,25648
2471,863.72,,2486,25649
2472,656.1700000000001,,2487,25709
2473,2182.9300000000003,,2488,26022
2474,1607.09,,2489,26044
2475,1993.42,,2490,26056
2476,1442.85,,2491,26058
2478,1380.9299999999998,,2493,26085
2480,1384.95,,2495,26129
2481,1412.3200000000002,,2496,28075
2483,34.480000000000004,,2498,28036
2484,577.86,,2499,28129
2485,413.40999999999997,,2500,26233
2486,1296.4699999999998,,2501,26253
2487,3107.7599999999998,,2502,26273
2488,6730.590000000002,,2503,26274
2491,1062.3000000000002,,2506,28391
2495,667.64,,2510,26313
2496,1840.3600000000001,,2511,27640
2497,392.74,,2512,26355
2498,3140.88,,2513,26356
2499,712.75,,2514,26357
2500,358.11,,2515,28374
2501,1209.08,,2516,26404
2502,2103.1400000000003,,2517,26407
2503,660.59,,2518,26419
2505,177.37,,2520,26424
2506,1559.06,,2521,26427
2507,1666.28,,2522,26428
2508,163.55,,2523,26429
2511,166.43,,2526,26431
2512,1439.7699999999998,,2527,28195
2514,627.43,,2529,26493
2515,917.52,,2530,26506
2517,640.61,,2532,28231
2518,838.74,,2533,26706
2519,4446.44,,2534,26940
2521,1256.53,,2536,27019
2522,710.1199999999999,,2537,27021
2523,4665.26,,2538,23656
2524,392.89,,2539,27180
2525,1173.94,,2540,27196
2526,1363.8600000000001,,2541,27198
2527,655.68,,2542,27210
2528,860.4900000000001,,2543,27348
2529,432.47,,2544,27350
2530,920.4300000000001,,2545,27646
2531,6037.16,,2546,23720
2532,7571.009999999999,,2547,23733
2533,541.76,,2548,23822
2534,552.65,,2549,23835
2536,1069.57,,2551,23934
2538,1217.92,,2553,23969
2539,1375.43,,2554,23976
2540,5997.4400000000005,,2555,23977
2541,171.24,,2556,23978
2543,3422.8999999999996,,2558,23998
2545,177.64,,2560,24029
2546,778.51,,2561,24032
2547,374.25,,2562,27414
2548,1316.91,,2563,27874
2549,414.92,,2564,24119
2550,1668.09,,2565,24121
2551,2144.6800000000003,,2566,28322
2552,1377.68,,2567,24153
2553,676.09,,2568,24171
2554,360.03,,2569,24182
2555,2233.21,,2570,24230
2556,3199.63,,2571,24243
2557,1897.0,,2572,24265
2559,7514.24,,2574,24307
2560,1985.32,,2575,24308
2561,1150.36,,2576,24311
2562,7385.529999999999,,2577,24369
2563,387.88,,2578,24407
2564,1177.15,,2579,24412
2565,172.93,,2580,24413
2566,3280.36,,2581,24433
2567,372.79,,2582,24437
2568,2503.08,,2583,24447
2569,1655.87,,2584,24450
2571,514.9,,2586,24461
2572,175.2,,2587,24469
2573,891.58,,2588,24473
2577,1199.92,,2592,24603
2578,1191.55,,2593,28230
2579,1705.76,,2594,27617
2580,6049.66,,2595,24679
2581,1585.45,,2596,24683
2582,360.46999999999997,,2597,24699
2585,9010.58,,2600,24713
2586,4090.62,,2601,24736
2587,6671.54,,2602,24765
2588,380.69,,2603,24769
2589,1221.2,,2604,24772
2590,1118.27,,2605,24774
2591,1045.58,,2606,28197
2592,407.96000000000004,,2607,24866
2593,1122.8899999999999,,2608,24873
2594,343.41999999999996,,2609,27568
2595,872.0,,2610,24890
2596,169.82,,2611,28287
2597,1944.7600000000002,,2612,24964
2598,730.36,,2613,24993
2599,1300.35,,2614,24995
2600,1472.37,,2615,25095
2601,738.23,,2616,25096
2602,792.46,,2617,25097
2603,619.98,,2618,25116
2604,558.76,,2619,25125
2605,555.96,,2620,27895
2606,630.91,,2621,27869
2607,1220.0600000000002,,2622,25205
2608,628.65,,2623,25206
2609,4907.39,,2624,25207
2610,574.51,,2625,25215
2611,2497.78,,2626,25255
2612,658.2,,2627,25266
2613,1017.38,,2628,25269
2614,1178.83,,2629,25272
2615,1133.46,,2630,25273
2617,1191.1100000000001,,2632,25278
2618,1590.26,,2633,25279
2619,4760.620000000001,,2634,28353
2620,391.98,,2635,28092
2621,3133.8900000000003,,2636,27719
2622,165.0,,2637,25304
2623,536.14,,2638,25305
2624,650.89,,2640,25331
2625,828.1500000000001,,2641,25335
2626,4094.45,,2642,28133
2627,664.28,,2643,25350
2628,5045.53,,2644,25351
2629,378.02,,2645,25353
2630,756.54,,2646,25354
2631,2286.47,,2647,25355
2632,721.3299999999999,,2648,25356
2633,5204.92,,2649,25357
2634,508.48999999999995,,2650,25358
2635,1843.3700000000001,,2651,28167
2636,1680.69,,2652,25361
2637,642.29,,2653,27644
2638,384.12,,2654,27624
2639,1424.88,,2655,25368
2640,169.83,,2656,25369
2641,4216.18,,2657,28212
2642,4368.55,,2658,28131
2643,803.74,,2659,28232
2644,1039.83,,2660,28118
2646,448.49,,2662,25415
2647,174.38,,2663,25441
2649,1499.71,,2665,25465
2650,525.46,,2666,25470
2651,1990.08,,2668,28217
2652,669.19,,2669,25525
2653,1177.27,,2670,25528
2654,9697.5,,2671,25538
2655,2998.4400000000005,,2672,25540
2656,1387.27,,2673,25543
2657,178.39,,2674,25547
2658,5737.7699999999995,,2675,25552
2659,596.52,,2676,25553
2660,365.6,,2677,25560
2661,550.8,,2678,25578
2663,5057.57,,2680,28294
2664,1425.4199999999998,,2681,28275
2665,5816.29,,2682,28333
2667,1048.44,,2684,28335
2668,1274.71,,2685,25601
2670,1361.49,,2687,25620
2671,1583.0,,2688,25621
2672,565.78,,2689,25623
2673,387.84,,2690,25624
2674,636.6,,2691,25696
2675,344.65,,2692,25704
2676,179.32,,2693,25730
2677,49.760000000000005,,2694,25745
2681,1360.45,,2698,25793
2683,713.69,,2700,25795
2684,459.81,,2701,25796
2685,219.19,,2702,25797
2686,404.71000000000004,,2703,25798
2689,862.3699999999999,,2706,27993
2691,344.02,,2708,25873
2692,835.41,,2709,25874
2693,384.49,,2710,25875
2694,721.78,,2711,25900
2695,744.2099999999999,,2712,25902
2696,1007.1700000000001,,2713,25904
2697,4159.34,,2714,25909
2698,1088.08,,2715,25910
2699,625.81,,2716,25911
2700,3190.93,,2717,27674
2701,865.71,,2718,25917
2702,1099.44,,2719,25918
2703,1658.5399999999997,,2720,25920
2705,645.54,,2722,25922
2706,745.91,,2723,25923
2707,398.83,,2724,25924
2709,356.33000000000004,,2726,25979
2710,930.8499999999999,,2727,26009
2711,392.77,,2728,26013
2712,1556.3799999999999,,2729,26029
2714,390.44,,2731,26059
2715,805.26,,2732,26062
2716,1253.22,,2733,26066
2717,780.63,,2734,26069
2718,635.76,,2735,28139
2719,359.65,,2736,26074
2720,1114.49,,2737,28153
2721,882.3599999999999,,2738,26172
2722,517.82,,2739,26223
2723,971.08,,2740,26330
2724,1992.5699999999997,,2741,26334
2725,109.75,,2742,26391
2726,2210.4100000000003,,2743,26432
2727,2023.1599999999999,,2744,26438
2728,2962.79,,2745,26441
2729,939.63,,2746,26500
2730,656.79,,2747,26501
2731,2011.17,,2748,26502
2732,1527.6000000000001,,2749,26538
2733,581.66,,2750,26613
2734,515.77,,2751,26614
2735,1096.15,,2752,26615
2736,2097.62,,2753,26616
2737,1412.35,,2754,26617
2738,1458.2,,2755,26619
2739,896.59,,2756,26620
2740,1736.3,,2757,26621
2741,320.62999999999994,,2758,26628
2742,164.82,,2759,26629
2743,384.23,,2760,26630
2744,719.88,,2761,26631
2745,2296.6699999999996,,2762,26632
2746,1568.85,,2763,26637
2747,2232.29,,2764,26638
2748,2247.28,,2765,26639
2749,636.28,,2766,26640
2750,363.39,,2767,26652
2751,2156.78,,2768,26690
2752,2675.1499999999996,,2769,26691
2753,1402.49,,2770,26694
2754,850.71,,2771,26709
2755,1768.46,,2772,26771
2756,931.6700000000001,,2773,26791
2757,1801.1899999999998,,2774,26792
2758,2011.5900000000001,,2775,26820
2759,1690.1,,2776,26821
2760,1637.96,,2777,26862
2761,1709.0700000000002,,2778,26866
2762,373.01,,2779,26867
2763,741.48,,2780,26869
2764,2398.05,,2781,26870
2765,3083.9800000000005,,2782,26871
2766,2792.71,,2783,26876
2767,860.87,,2784,28004
2768,979.9399999999999,,2785,26879
2769,3462.15,,2786,26894
2770,703.23,,2787,27868
2771,323.66,,2788,26960
2772,65.83999999999999,,2789,26988
2773,812.9300000000001,,2790,26991
2774,80.58000000000001,,2791,26992
2775,532.27,,2792,26993
2776,571.64,,2793,26998
2777,224.08,,2794,27007
2778,2195.56,,2795,27008
2779,1632.87,,2796,27916
2780,2082.54,,2797,27022
2781,2502.7899999999995,,2798,27023
2782,2005.03,,2799,27024
2783,2080.23,,2800,27027
2784,3804.7699999999995,,2801,27029
2785,2826.3900000000003,,2802,27051
2786,1924.5300000000002,,2803,28259
2787,1895.6,,2804,27054
2788,3262.9000000000005,,2805,27055
2789,1195.15,,2806,27062
2790,1713.7100000000003,,2807,27064
2791,1704.2700000000002,,2808,27065
2792,5153.71,,2809,27066
2793,3017.7300000000005,,2810,27067
2794,635.37,,2811,27068
2795,536.9000000000001,,2812,27096
2796,375.93,,2813,27104
2797,2391.86,,2814,27108
2798,968.8399999999999,,2815,27109
2799,1208.33,,2816,27111
2800,2091.27,,2817,28154
2801,446.35,,2818,27112
2802,1431.27,,2819,27866
2803,0.6,,2820,27167
2804,205.07999999999998,,2821,27169
2805,773.04,,2822,27842
2806,526.2,,2823,28116
2807,581.51,,2824,27191
2808,4418.799999999999,,2825,27192
2809,621.9800000000001,,2826,27827
2810,1003.39,,2827,27977
2811,293.71999999999997,,2828,27910
2812,2694.0699999999997,,2829,28326
2813,174.78,,2830,27243
2814,994.18,,2831,27244
2815,268.84000000000003,,2832,27249
2816,1786.6799999999998,,2833,27768
2817,1427.6100000000001,,2834,27294
2818,1123.46,,2835,27295
2819,2279.7099999999996,,2836,27776
2820,224.12,,2837,27331
2821,70.97,,2838,27815
2822,1803.49,,2839,27354
2823,1272.9299999999998,,2840,23693
2824,1278.8,,2841,23698
2825,65.16999999999999,,2842,27369
2826,1512.1799999999996,,2843,27371
2828,375.53,,2845,27377
2830,2071.66,,2847,23819
2831,804.6199999999999,,2848,27779
2832,327.72,,2849,27387
2833,175.3,,2850,23873
2834,1553.86,,2851,27782
2835,669.62,,2852,27893
2836,567.0600000000001,,2853,28084
2837,649.8399999999999,,2854,27775
2839,4884.19,,2856,24084
2840,1000.54,,2857,24111
2841,729.66,,2858,24114
2843,1653.98,,2860,24157
2844,881.2,,2861,27870
2845,702.54,,2862,24228
2846,771.9300000000001,,2863,27477
2847,3530.8199999999997,,2864,27480
2848,1213.8700000000001,,2865,24393
2849,669.1,,2866,24397
2850,1269.67,,2867,27482
2851,510.42999999999995,,2868,24439
2852,225.15,,2869,27912
2853,832.47,,2870,24542
2854,1996.2599999999998,,2871,24604
2855,859.0299999999999,,2872,24643
2856,7772.7,,2873,24687
2857,326.56,,2874,24703
2858,1882.9199999999998,,2875,24714
2859,475.05999999999995,,2876,24716
2860,779.0300000000001,,2877,24717
2861,393.6,,2878,24720
2862,1572.88,,2879,24721
2863,165.91,,2880,24722
2864,571.4300000000001,,2881,24723
2865,1762.75,,2882,24724
2866,290.53000000000003,,2883,24726
2867,291.41999999999996,,2884,27732
2868,898.4500000000002,,2885,24745
2869,814.92,,2886,24786
2870,2935.1299999999997,,2887,27554
2871,2762.7200000000003,,2888,24851
2872,0.6,,2889,24854
2873,1034.0,,2890,24885
2874,619.19,,2891,24945
2875,1563.7,,2892,27967
2876,9374.83,,2893,24946
2877,325.52,,2894,24947
2878,2373.77,,2895,24960
2879,3192.5,,2896,25087
2880,552.59,,2897,25092
2881,297.28000000000003,,2898,27586
2882,697.19,,2899,25237
2884,775.78,,2901,27852
2885,455.3399999999999,,2902,25312
2886,945.66,,2903,25339
2887,73.10000000000001,,2904,27900
2888,4395.070000000001,,2905,25365
2889,859.8,,2906,25399
2890,322.45,,2907,25467
2891,4715.43,,2908,25468
2892,500.85,,2909,25517
2893,1030.33,,2910,25680
2894,1322.4699999999998,,2911,25812
2895,424.34000000000003,,2912,25840
2896,1051.29,,2913,26048
2897,381.18,,2914,26368
2899,257.44,,2916,26800
2901,663.31,,2918,27265
2902,1700.33,,2919,27333
2903,3883.9,,2920,23678
2904,1505.55,,2921,23680
2905,1873.29,,2922,23683
2906,1455.53,,2923,23685
2907,370.49,,2924,23687
2908,1848.8100000000002,,2925,23688
2909,751.9300000000001,,2926,23689
2910,5298.06,,2927,23690
2911,1433.52,,2928,27386
2912,4864.01,,2929,24030
2913,3845.76,,2930,24031
2914,2832.58,,2931,24033
2915,2963.2400000000002,,2932,24059
2916,2889.1299999999997,,2933,24134
2917,678.77,,2934,24135
2918,2794.56,,2935,24140
2919,204.07,,2936,24144
2920,1448.92,,2937,24150
2921,2160.6099999999997,,2938,28213
2922,1502.35,,2939,24263
2923,623.93,,2940,24285
2924,833.52,,2941,24286
2925,1532.78,,2942,24289
2926,841.79,,2943,24290
2927,1360.54,,2944,28204
2928,3815.9100000000003,,2945,24356
2929,1231.98,,2946,24399
2930,1440.1,,2947,24440
2931,6404.05,,2948,27672
2932,380.58,,2949,24521
2933,381.63,,2950,24537
2934,1028.6,,2951,27838
2935,1385.91,,2952,24563
2936,1603.6399999999999,,2953,24565
2937,1716.5100000000002,,2954,24566
2938,3215.28,,2955,28284
2939,386.45,,2956,24623
2940,1601.67,,2957,28186
2941,1061.56,,2958,24686
2942,622.25,,2959,25000
2943,179.68,,2960,25025
2944,625.93,,2961,25093
2945,1158.76,,2962,27583
2946,2312.38,,2963,25195
2947,4665.88,,2964,25196
2948,2984.75,,2965,25239
2949,664.13,,2966,25448
2950,9849.59,,2967,28237
2951,2200.6,,2968,25626
2953,655.36,,2970,25630
2954,714.26,,2971,25631
2955,219.96,,2972,25632
2956,1836.3,,2973,25633
2957,4002.5200000000004,,2974,25634
2958,620.27,,2975,25636
2959,999.7,,2976,27968
2960,173.38,,2977,25702
2962,2588.31,,2979,28286
2963,2641.03,,2980,28221
2965,168.29,,2982,25719
2966,662.53,,2983,25735
2967,375.53,,2984,25787
2971,1135.54,,2988,25804
2972,0.62,,2989,25865
2974,2689.12,,2991,25870
2975,179.43,,2992,26139
2977,360.2,,2994,26193
2978,381.22,,2995,26194
2979,211.17,,2996,26215
2981,1584.23,,2998,26237
2982,684.5500000000001,,2999,26238
2983,165.84,,3000,26250
2984,676.96,,3001,26251
2985,714.96,,3002,26252
2986,4256.35,,3003,26261
2987,175.47,,3004,26263
2989,366.54,,3006,26292
2990,1812.3,,3007,26310
2991,1367.13,,3008,26316
2992,646.6200000000001,,3009,28357
2993,371.0,,3010,26549
2994,1982.33,,3011,26693
2996,1334.88,,3013,28209
2997,256.96000000000004,,3014,26855
2998,384.58000000000004,,3015,26889
3001,704.97,,3018,27686
3002,2978.16,,3019,26918
3004,1290.41,,3021,26932
3006,1391.29,,3023,27147
3008,1428.17,,3025,27161
3009,208.64,,3026,27177
3010,766.92,,3027,28255
3011,386.79,,3028,27186
3013,360.44,,3030,27189
3014,1414.45,,3031,27891
3015,54.94,,3032,27242
3016,393.83,,3033,28091
3017,4443.04,,3034,28207
3018,1315.4,,3035,28038
3020,251.17000000000002,,3037,27358
3021,1031.4,,3038,27361
3022,277.61,,3039,27734
3023,2108.33,,3040,23744
3024,602.22,,3041,23775
3025,4235.76,,3042,23784
3026,392.43,,3043,28205
3027,369.25,,3044,23789
3028,182.6,,3045,27684
3032,70.72999999999999,,3049,23908
3033,179.6,,3050,23910
3034,206.63,,3051,23911
3035,574.15,,3052,23912
3036,221.0,,3053,23956
3037,366.47999999999996,,3054,24038
3038,1971.08,,3055,27411
3039,738.55,,3056,24061
3040,380.99,,3057,24062
3041,664.53,,3058,27418
3042,2385.8300000000004,,3059,24085
3043,582.04,,3060,27435
3044,936.81,,3061,24137
3045,205.54999999999998,,3062,24179
3046,1123.93,,3063,24257
3047,1329.12,,3064,24258
3049,778.95,,3066,24326
3051,673.4,,3068,24347
3052,763.14,,3069,24349
3054,444.76,,3071,24351
3055,1931.4499999999998,,3072,24352
3056,341.42999999999995,,3073,24353
3057,342.25,,3074,24405
3058,0.63,,3076,27487
3059,788.77,,3077,24446
3062,235.0,,3080,24452
3063,173.71,,3081,24457
3065,525.65,,3083,24558
3066,279.87,,3084,24571
3068,593.4100000000001,,3086,24622
3069,2432.89,,3087,24629
3071,163.92,,3089,24634
3072,373.13,,3090,24656
3073,2510.44,,3091,24674
3074,441.25,,3092,24698
3076,669.13,,3094,24718
3077,541.4100000000001,,3095,24730
3078,1766.42,,3096,24737
3079,1402.48,,3097,24739
3080,255.31,,3098,27521
3081,410.24,,3099,27526
3082,4362.59,,3100,24797
3083,393.75,,3101,27553
3084,172.16,,3102,24816
3085,782.29,,3103,24817
3086,164.25,,3104,24836
3087,366.54,,3105,24838
3088,547.58,,3106,24839
3090,555.95,,3108,27650
3091,620.5,,3109,27561
3092,1418.02,,3110,27562
3093,1318.28,,3111,27563
3094,377.94,,3112,27564
3095,174.53,,3113,24847
3097,551.24,,3115,24862
3098,218.07,,3116,24863
3099,820.88,,3117,24864
3101,166.15,,3119,27690
3102,383.02,,3120,24972
3103,382.99,,3121,24973
3104,174.6,,3122,24999
3105,175.78,,3123,25081
3106,1334.47,,3124,27949
3107,175.91,,3125,25119
3108,363.41,,3126,25120
3109,167.62,,3127,25122
3110,1584.6,,3128,25192
3111,4062.96,,3129,27961
3113,388.93,,3131,25218
3114,1271.98,,3132,25219
3116,4624.42,,3134,25221
3117,5038.57,,3135,28020
3118,163.48,,3136,25284
3119,6117.35,,3137,25285
3120,176.58,,3138,25286
3121,336.07,,3139,25387
3123,165.52,,3141,25405
3124,223.10999999999999,,3142,25409
3125,166.6,,3143,25410
3126,910.47,,3144,25422
3129,4847.47,,3147,25475
3130,168.46,,3148,25476
3131,359.2,,3149,25477
3132,894.86,,3150,25493
3133,165.64,,3151,25519
3134,1418.02,,3152,28292
3135,410.05,,3153,25569
3136,1191.07,,3154,25599
3137,332.31,,3155,25662
3138,175.73,,3156,25663
3139,559.14,,3157,25666
3140,167.73,,3158,25667
3141,74.78,,3159,25668
3142,387.32,,3160,25669
3143,832.21,,3161,25670
3144,268.78,,3162,25701
3145,410.23,,3163,25706
3147,173.83,,3165,25724
3148,345.85,,3166,27664
3149,170.78,,3167,25739
3150,380.89,,3168,25740
3151,176.55,,3169,25741
3152,727.52,,3170,25751
3156,394.51,,3174,25789
3158,745.1600000000001,,3176,25930
3159,1844.9499999999998,,3177,25980
3160,239.41,,3178,26021
3161,91.22000000000001,,3179,26039
3163,169.89,,3181,26061
3165,447.21999999999997,,3183,26136
3170,250.23999999999998,,3188,26942
3173,170.38,,3191,27030
3174,774.56,,3192,27044
3175,344.67,,3193,27046
3178,170.21,,3196,27152
3181,1009.4300000000001,,3199,23808
3182,1294.35,,3200,23825
3183,662.08,,3201,23892
3184,628.39,,3202,23931
3185,1328.13,,3203,24003
3187,209.29,,3205,24107
3188,373.61,,3206,24109
3189,53.120000000000005,,3207,24262
3191,1440.24,,3209,24395
3192,856.48,,3210,24404
3193,206.73,,3211,24528
3195,464.79999999999995,,3213,24583
3196,178.0,,3214,24702
3198,190.29000000000002,,3216,24770
3199,77.72,,3217,24777
3200,177.78,,3218,24778
3201,179.6,,3219,24779
3202,170.62,,3220,24780
3203,1561.99,,3221,24795
3206,252.47,,3224,24802
3207,211.52,,3225,24803
3215,171.14,,3233,24822
3218,73.66,,3236,24846
3219,200.54,,3237,24853
3221,479.68000000000006,,3239,24943
3223,208.51999999999998,,3241,25117
3226,168.82,,3244,25411
3227,211.09,,3245,25425
3228,4642.34,,3246,25426
3232,553.88,,3250,25436
3234,856.88,,3252,25457
3235,620.05,,3253,25460
3236,870.47,,3254,25480
3238,382.5,,3256,25570
3239,383.65,,3257,25617
3242,1879.1100000000001,,3260,26143
3243,2967.9999999999995,,3261,26154
3244,4801.51,,3262,26206
3246,163.6,,3264,26218
3247,655.55,,3265,26286
3248,393.98,,3266,26336
3249,1802.98,,3267,26389
3250,963.5899999999999,,3268,26405
3251,3074.91,,3269,27793
3253,2179.61,,3271,26439
3254,179.46,,3272,26463
3255,3250.91,,3273,26494
3256,0.62,,3274,26509
3257,1259.56,,3275,26510
3258,675.45,,3276,26514
3264,4519.86,,3282,26543
3265,1308.95,,3283,26550
3266,2418.44,,3284,26554
3267,171.0,,3285,26557
3268,391.34,,3286,26565
3269,1.21,,3287,26581
3270,765.75,,3288,26585
3271,1301.6599999999999,,3289,26591
3272,4594.37,,3290,26604
3273,2764.9700000000003,,3291,26611
3274,2737.8,,3292,26700
3275,670.62,,3293,26701
3276,4194.58,,3294,26707
3277,1294.38,,3295,26751
3278,2492.6499999999996,,3296,26793
3279,3728.3599999999997,,3297,26795
3280,3673.6499999999996,,3298,26823
3281,7251.0599999999995,,3299,27697
3284,6052.95,,3302,27035
3285,4365.919999999999,,3303,27037
3286,53.81999999999999,,3304,27050
3287,1037.15,,3305,27194
3288,2054.69,,3306,27634
3289,170.33,,3307,27218
3290,1308.04,,3308,28035
3291,1509.9299999999998,,3309,27238
3293,7267.0,,3311,27665
3294,2045.44,,3312,27324
3295,1961.2199999999998,,3313,28352
3296,2399.53,,3314,23704
3297,1261.5,,3315,27375
3298,4770.670000000001,,3316,23833
3299,166.43,,3317,23974
3300,551.47,,3318,24026
3301,2309.91,,3319,24040
3303,532.73,,3321,24068
3304,4075.88,,3322,24222
3305,2385.43,,3323,24547
3306,5800.41,,3324,24569
3307,882.46,,3325,24761
3308,629.16,,3326,27522
3309,189.03,,3327,24781
3310,2838.35,,3328,24944
3311,6103.0,,3329,24994
3312,2256.1600000000003,,3330,25018
3313,1367.94,,3331,25023
3314,2030.79,,3332,25028
3316,659.56,,3334,25091
3317,2804.89,,3335,25099
3318,6051.780000000001,,3336,25100
3319,1384.3600000000001,,3337,25103
3320,1384.68,,3338,25112
3321,536.94,,3339,25171
3322,2381.52,,3340,25222
3324,1895.2,,3342,25287
3326,3970.0999999999995,,3344,25372
3327,4388.46,,3345,25379
3328,5708.29,,3346,25388
3329,1675.2499999999998,,3347,25433
3330,2033.1399999999999,,3348,25516
3331,3594.2799999999997,,3349,25593
3332,4239.74,,3350,25598
3333,1785.5300000000002,,3351,28383
3334,1324.48,,3352,25762
3335,3420.81,,3353,25767
3337,186.03,,3355,26005
3338,2870.49,,3356,27788
3339,1638.0900000000001,,3357,26016
3340,1191.14,,3358,27948
3341,363.34,,3359,28100
3343,36.94,,3361,26087
3345,367.03,,3363,26107
3346,384.38,,3364,26138
3347,347.08,,3365,26148
3348,1215.78,,3366,26156
3349,662.79,,3367,26157
3350,395.14,,3368,26158
3351,619.66,,3369,26162
3352,2126.52,,3370,26180
3354,675.47,,3372,26244
3355,1223.8400000000001,,3373,26324
3356,381.41,,3374,26325
3358,672.88,,3376,26388
3359,774.4000000000001,,3377,26395
3361,354.15,,3379,26468
3362,1724.12,,3380,26475
3363,401.26,,3381,26498
3364,412.21000000000004,,3382,26503
3365,1405.8500000000001,,3383,26545
3367,565.36,,3385,26587
3369,5354.620000000001,,3387,26720
3370,589.55,,3388,26722
3371,571.64,,3389,26723
3372,2670.8,,3390,27637
3374,922.5000000000001,,3392,26834
3375,406.06,,3393,26836
3378,390.44,,3396,27148
3380,1166.8899999999999,,3398,27246
3382,166.01,,3400,27318
3383,360.4,,3401,27908
3384,0.63,,3402,27347
3386,9149.869999999999,,3404,24120
3387,809.6,,3405,27601
3388,391.83,,3406,24201
3389,752.59,,3407,27460
3390,1758.63,,3408,24503
3393,174.82,,3411,24601
3394,0.61,,3412,27512
3395,799.19,,3413,27513
3396,1219.23,,3414,27559
3397,170.64,,3415,24868
3399,1362.35,,3417,25009
3400,554.84,,3418,25270
3401,3890.25,,3419,25296
3402,170.02,,3420,25320
3403,1192.02,,3421,25324
3404,235.01,,3422,25348
3405,715.1,,3423,25487
3406,1999.31,,3424,28152
3408,641.39,,3426,25586
3409,364.43,,3427,25675
3410,375.38,,3428,25676
3411,797.0600000000001,,3429,25677
3412,390.97,,3430,25694
3416,164.94,,3434,25761
3417,1413.76,,3435,25763
3418,0.59,,3436,25764
3419,2788.6400000000003,,3437,25769
3420,372.97,,3438,25772
3421,826.39,,3439,25780
3423,391.34,,3441,25790
3424,1206.92,,3442,25799
3425,163.94,,3443,25800
3426,394.24,,3444,25821
3427,0.58,,3445,25825
3428,973.6,,3446,25842
3429,1045.55,,3447,25843
3430,377.21999999999997,,3448,25845
3431,3302.19,,3449,25846
3433,543.2,,3451,25848
3434,801.1300000000001,,3452,25849
3436,379.56,,3454,25851
3437,1142.98,,3455,25852
3438,2631.99,,3456,25861
3440,376.65,,3458,25863
3442,372.56,,3460,25926
3443,178.43,,3461,25954
3444,626.51,,3462,25974
3446,1872.97,,3464,27599
3447,4172.4800000000005,,3465,26091
3448,3557.7899999999995,,3466,26229
3449,1620.4399999999998,,3467,26372
3450,8919.57,,3468,26417
3451,3146.92,,3469,26445
3452,2257.99,,3470,26446
3453,1450.35,,3471,26447
3454,1456.53,,3472,28378
3455,2056.8199999999997,,3473,26449
3456,1245.31,,3474,26452
3457,3344.48,,3475,26461
3458,8753.619999999999,,3476,28210
3459,1676.8400000000001,,3477,26517
3460,2386.05,,3478,26537
3461,1253.91,,3479,26583
3462,2915.13,,3480,26596
3463,1980.5,,3481,26606
3464,2094.0899999999997,,3482,26622
3465,2362.6400000000003,,3483,26689
3466,8243.769999999999,,3484,26742
3467,899.1600000000001,,3485,26765
3468,2228.0099999999998,,3486,26783
3469,3558.7,,3487,26784
3470,379.41,,3488,26786
3471,3210.0299999999997,,3489,26812
3472,1701.6799999999998,,3490,26845
3473,765.04,,3491,26851
3474,2867.93,,3492,26887
3475,3662.0599999999995,,3493,26888
3476,1400.37,,3494,26928
3477,2469.1,,3495,26930
3478,3003.3599999999997,,3496,26955
3479,1368.48,,3497,26970
3480,413.05,,3498,26977
3481,1282.27,,3499,26981
3482,1939.99,,3500,26982
3483,3407.0200000000004,,3501,26985
3484,175.81,,3502,26994
3485,3320.4700000000007,,3503,27020
3486,809.0899999999999,,3504,28268
3487,1993.37,,3505,27061
3488,2373.0600000000004,,3506,27081
3489,1852.58,,3507,27082
3490,3008.0299999999997,,3508,27088
3491,3511.6100000000006,,3509,27107
3492,1239.71,,3510,27114
3493,3012.5499999999997,,3511,27115
3494,3616.65,,3512,27143
3495,7729.01,,3513,27146
3496,5731.210000000001,,3514,27185
3497,1905.23,,3515,27193
3498,4792.88,,3516,27237
3499,1733.2600000000002,,3517,27254
3500,3715.9699999999993,,3518,23760
3501,2244.68,,3519,24104
3502,2137.36,,3520,24130
3503,1140.37,,3521,24131
3504,2401.48,,3522,24155
3505,2239.3599999999997,,3523,27441
3506,4883.869999999999,,3524,27461
3507,3862.6800000000003,,3525,24367
3508,2627.4299999999994,,3526,27491
3509,343.64,,3527,24550
3511,3201.81,,3529,27503
3512,1132.3999999999999,,3530,24636
3513,1186.6100000000001,,3531,24700
3514,1924.77,,3532,24747
3515,4263.93,,3533,24842
3516,3152.12,,3534,24844
3517,2510.6800000000003,,3535,27879
3518,1744.19,,3536,24917
3519,484.99,,3537,24918
3520,1848.6599999999999,,3538,24919
3521,2041.1000000000001,,3539,24920
3522,986.8499999999999,,3540,24931
3523,3200.4199999999996,,3541,24936
3524,3343.34,,3542,24937
3525,2351.0899999999997,,3543,24939
3526,4452.97,,3544,24940
3527,4157.58,,3545,25230
3528,2420.71,,3546,25442
3529,6489.21,,3547,25443
3530,1337.15,,3548,25444
3531,1108.3000000000002,,3549,25445
3532,2778.2799999999997,,3550,25466
3533,784.0999999999999,,3551,25495
3534,3527.6200000000003,,3552,25539
3535,1082.5700000000002,,3553,25746
3536,7427.799999999999,,3554,26086
3537,5182.8099999999995,,3555,26120
3538,358.22,,3556,26122
3539,174.3,,3557,26149
3540,386.53,,3558,26150
3541,169.85,,3559,26159
3543,360.33,,3561,26177
3545,173.21,,3563,26219
3546,640.22,,3564,26234
3547,1012.39,,3565,26235
3549,1987.25,,3567,26328
3550,369.06,,3568,26349
3551,2071.2299999999996,,3569,26375
3552,931.53,,3570,26414
3553,503.27,,3571,26451
3554,1651.5800000000002,,3572,26561
3555,1344.53,,3573,26656
3556,1896.72,,3574,26657
3557,3331.95,,3575,26661
3558,7141.2699999999995,,3576,26668
3559,3199.36,,3577,26670
3560,1096.78,,3578,26725
3561,755.01,,3579,26729
3562,1150.03,,3580,26730
3563,435.18,,3581,26734
3564,4397.21,,3582,26735
3565,3011.7799999999997,,3583,26750
3566,1299.7,,3584,26839
3567,174.49,,3585,26840
3568,377.98,,3586,27688
3569,3355.58,,3587,26949
3570,1992.67,,3588,27233
3571,767.56,,3589,27236
3572,1482.42,,3590,27959
3573,1322.81,,3591,27277
3574,4580.31,,3592,27311
3575,1564.09,,3593,27317
3576,742.9000000000001,,3594,27332
3578,6433.47,,3596,28328
3579,1040.1100000000001,,3597,27382
3580,544.45,,3598,27490
3581,658.85,,3599,24665
3582,816.2800000000001,,3600,24693
3583,1576.5800000000002,,3601,24708
3584,375.61,,3602,27571
3585,2224.22,,3603,25123
3586,177.37,,3604,25238
3587,162.86,,3605,25364
3588,659.04,,3606,25577
3589,2322.4,,3607,25660
3590,1206.5,,3608,25738
